player,team,pos,scoring,points
Josh Allen,BUF,QB,Standard,380.93
Josh Allen,BUF,QB,Half-PPR,380.93
Josh Allen,BUF,QB,PPR,380.93
Lamar Jackson,BAL,QB,Standard,377.02
Lamar Jackson,BAL,QB,Half-PPR,377.02
Lamar Jackson,BAL,QB,PPR,377.02
Jayden Daniels,WAS,QB,Standard,363.59
Jayden Daniels,WAS,QB,Half-PPR,363.59
Jayden Daniels,WAS,QB,PPR,363.59
Jalen Hurts,PHI,QB,Standard,359.62
Jalen Hurts,PHI,QB,Half-PPR,359.62
Jalen Hurts,PHI,QB,PPR,359.62
Joe Burrow,CIN,QB,Standard,348.46
Joe Burrow,CIN,QB,Half-PPR,348.46
Joe Burrow,CIN,QB,PPR,348.46
Patrick Mahomes II,KC,QB,Standard,326.35
Patrick Mahomes II,KC,QB,Half-PPR,326.35
Patrick Mahomes II,KC,QB,PPR,326.35
Baker Mayfield,TB,QB,Standard,322
Baker Mayfield,TB,QB,Half-PPR,322
Baker Mayfield,TB,QB,PPR,322
Kyler Murray,ARI,QB,Standard,319.45
Kyler Murray,ARI,QB,Half-PPR,319.45
Kyler Murray,ARI,QB,PPR,319.45
Brock Purdy,SF,QB,Standard,309.68
Brock Purdy,SF,QB,Half-PPR,309.68
Brock Purdy,SF,QB,PPR,309.68
Bo Nix,DEN,QB,Standard,308.79
Bo Nix,DEN,QB,Half-PPR,308.79
Bo Nix,DEN,QB,PPR,308.79
Saquon Barkley,PHI,RB,Standard,279.1
Saquon Barkley,PHI,RB,Half-PPR,298.08
Saquon Barkley,PHI,RB,PPR,317.05
Jared Goff,DET,QB,Standard,296.59
Jared Goff,DET,QB,Half-PPR,296.59
Jared Goff,DET,QB,PPR,296.59
Bijan Robinson,ATL,RB,Standard,266.09
Bijan Robinson,ATL,RB,Half-PPR,295.31
Bijan Robinson,ATL,RB,PPR,324.52
Ja'Marr Chase,CIN,WR,Standard,232.95
Ja'Marr Chase,CIN,WR,Half-PPR,292.14
Ja'Marr Chase,CIN,WR,PPR,351.33
Dak Prescott,DAL,QB,Standard,291.58
Dak Prescott,DAL,QB,Half-PPR,291.58
Dak Prescott,DAL,QB,PPR,291.58
Caleb Williams,CHI,QB,Standard,290.48
Caleb Williams,CHI,QB,Half-PPR,290.48
Caleb Williams,CHI,QB,PPR,290.48
Justin Herbert,LAC,QB,Standard,289.46
Justin Herbert,LAC,QB,Half-PPR,289.46
Justin Herbert,LAC,QB,PPR,289.46
Jahmyr Gibbs,DET,RB,Standard,259.06
Jahmyr Gibbs,DET,RB,Half-PPR,286.89
Jahmyr Gibbs,DET,RB,PPR,314.72
Justin Fields,NYJ,QB,Standard,285.87
Justin Fields,NYJ,QB,Half-PPR,285.87
Justin Fields,NYJ,QB,PPR,285.87
J.J. McCarthy,MIN,QB,Standard,285.33
J.J. McCarthy,MIN,QB,Half-PPR,285.33
J.J. McCarthy,MIN,QB,PPR,285.33
Trevor Lawrence,JAC,QB,Standard,280.77
Trevor Lawrence,JAC,QB,Half-PPR,280.77
Trevor Lawrence,JAC,QB,PPR,280.77
Jordan Love,GB,QB,Standard,279.63
Jordan Love,GB,QB,Half-PPR,279.63
Jordan Love,GB,QB,PPR,279.63
Drake Maye,NE,QB,Standard,279.38
Drake Maye,NE,QB,Half-PPR,279.38
Drake Maye,NE,QB,PPR,279.38
C.J. Stroud,HOU,QB,Standard,277.92
C.J. Stroud,HOU,QB,Half-PPR,277.92
C.J. Stroud,HOU,QB,PPR,277.92
Derrick Henry,BAL,RB,Standard,261.92
Derrick Henry,BAL,RB,Half-PPR,270.93
Derrick Henry,BAL,RB,PPR,279.94
Matthew Stafford,LAR,QB,Standard,269.76
Matthew Stafford,LAR,QB,Half-PPR,269.76
Matthew Stafford,LAR,QB,PPR,269.76
Michael Penix Jr.,ATL,QB,Standard,265.69
Michael Penix Jr.,ATL,QB,Half-PPR,265.69
Michael Penix Jr.,ATL,QB,PPR,265.69
Geno Smith,LV,QB,Standard,265.02
Geno Smith,LV,QB,Half-PPR,265.02
Geno Smith,LV,QB,PPR,265.02
Tua Tagovailoa,MIA,QB,Standard,262.7
Tua Tagovailoa,MIA,QB,Half-PPR,262.7
Tua Tagovailoa,MIA,QB,PPR,262.7
Bryce Young,CAR,QB,Standard,260.52
Bryce Young,CAR,QB,Half-PPR,260.52
Bryce Young,CAR,QB,PPR,260.52
De'Von Achane,MIA,RB,Standard,220.69
De'Von Achane,MIA,RB,Half-PPR,256.33
De'Von Achane,MIA,RB,PPR,291.96
Justin Jefferson,MIN,WR,Standard,204.79
Justin Jefferson,MIN,WR,Half-PPR,256.22
Justin Jefferson,MIN,WR,PPR,307.66
Christian McCaffrey,SF,RB,Standard,225.67
Christian McCaffrey,SF,RB,Half-PPR,256.09
Christian McCaffrey,SF,RB,PPR,286.51
Sam Darnold,SEA,QB,Standard,256.04
Sam Darnold,SEA,QB,Half-PPR,256.04
Sam Darnold,SEA,QB,PPR,256.04
Josh Jacobs,GB,RB,Standard,233.91
Josh Jacobs,GB,RB,Half-PPR,253.31
Josh Jacobs,GB,RB,PPR,272.71
Aaron Rodgers,PIT,QB,Standard,252.31
Aaron Rodgers,PIT,QB,Half-PPR,252.31
Aaron Rodgers,PIT,QB,PPR,252.31
Cameron Ward,TEN,QB,Standard,250.79
Cameron Ward,TEN,QB,Half-PPR,250.79
Cameron Ward,TEN,QB,PPR,250.79
CeeDee Lamb,DAL,WR,Standard,194.12
CeeDee Lamb,DAL,WR,Half-PPR,250.1
CeeDee Lamb,DAL,WR,PPR,306.08
Puka Nacua,LAR,WR,Standard,193.67
Puka Nacua,LAR,WR,Half-PPR,248.95
Puka Nacua,LAR,WR,PPR,304.23
Malik Nabers,NYG,WR,Standard,188.51
Malik Nabers,NYG,WR,Half-PPR,243.42
Malik Nabers,NYG,WR,PPR,298.34
Ashton Jeanty,LV,RB,Standard,219.42
Ashton Jeanty,LV,RB,Half-PPR,242.83
Ashton Jeanty,LV,RB,PPR,266.23
Bucky Irving,TB,RB,Standard,217.83
Bucky Irving,TB,RB,Half-PPR,241.03
Bucky Irving,TB,RB,PPR,264.23
Jonathan Taylor,IND,RB,Standard,227.37
Jonathan Taylor,IND,RB,Half-PPR,239.54
Jonathan Taylor,IND,RB,PPR,251.7
Amon-Ra St. Brown,DET,WR,Standard,183.49
Amon-Ra St. Brown,DET,WR,Half-PPR,239.11
Amon-Ra St. Brown,DET,WR,PPR,294.72
Nico Collins,HOU,WR,Standard,193.26
Nico Collins,HOU,WR,Half-PPR,239.11
Nico Collins,HOU,WR,PPR,284.97
Kyren Williams,LAR,RB,Standard,221.34
Kyren Williams,LAR,RB,Half-PPR,237.87
Kyren Williams,LAR,RB,PPR,254.4
Brian Thomas Jr.,JAC,WR,Standard,189.37
Brian Thomas Jr.,JAC,WR,Half-PPR,234.3
Brian Thomas Jr.,JAC,WR,PPR,279.23
Chase Brown,CIN,RB,Standard,202.19
Chase Brown,CIN,RB,Half-PPR,230.94
Chase Brown,CIN,RB,PPR,259.69
James Cook,BUF,RB,Standard,206.23
James Cook,BUF,RB,Half-PPR,223.19
James Cook,BUF,RB,PPR,240.16
Ladd McConkey,LAC,WR,Standard,174.81
Ladd McConkey,LAC,WR,Half-PPR,221.35
Ladd McConkey,LAC,WR,PPR,267.9
A.J. Brown,PHI,WR,Standard,176.13
A.J. Brown,PHI,WR,Half-PPR,218.23
A.J. Brown,PHI,WR,PPR,260.33
Anthony Richardson Sr.,IND,QB,Standard,217.42
Anthony Richardson Sr.,IND,QB,Half-PPR,217.42
Anthony Richardson Sr.,IND,QB,PPR,217.42
Breece Hall,NYJ,RB,Standard,189.08
Breece Hall,NYJ,RB,Half-PPR,216.55
Breece Hall,NYJ,RB,PPR,244.02
Alvin Kamara,NO,RB,Standard,181.33
Alvin Kamara,NO,RB,Half-PPR,215.35
Alvin Kamara,NO,RB,PPR,249.37
James Conner,ARI,RB,Standard,191.5
James Conner,ARI,RB,Half-PPR,212.23
James Conner,ARI,RB,PPR,232.96
Drake London,ATL,WR,Standard,165.47
Drake London,ATL,WR,Half-PPR,211.72
Drake London,ATL,WR,PPR,257.98
Tyreek Hill,MIA,WR,Standard,163.69
Tyreek Hill,MIA,WR,Half-PPR,209.19
Tyreek Hill,MIA,WR,PPR,254.69
Chuba Hubbard,CAR,RB,Standard,189.1
Chuba Hubbard,CAR,RB,Half-PPR,208.95
Chuba Hubbard,CAR,RB,PPR,228.8
Kenneth Walker III,SEA,RB,Standard,184.5
Kenneth Walker III,SEA,RB,Half-PPR,207.17
Kenneth Walker III,SEA,RB,PPR,229.84
Mike Evans,TB,WR,Standard,166.99
Mike Evans,TB,WR,Half-PPR,206.08
Mike Evans,TB,WR,PPR,245.17
Tee Higgins,CIN,WR,Standard,161.32
Tee Higgins,CIN,WR,Half-PPR,202.85
Tee Higgins,CIN,WR,PPR,244.39
Jaxon Smith-Njigba,SEA,WR,Standard,155.46
Jaxon Smith-Njigba,SEA,WR,Half-PPR,202.55
Jaxon Smith-Njigba,SEA,WR,PPR,249.64
Davante Adams,LAR,WR,Standard,159.55
Davante Adams,LAR,WR,Half-PPR,201.89
Davante Adams,LAR,WR,PPR,244.22
Brock Bowers,LV,TE,Standard,147.36
Brock Bowers,LV,TE,Half-PPR,199.55
Brock Bowers,LV,TE,PPR,251.74
Terry McLaurin,WAS,WR,Standard,159.13
Terry McLaurin,WAS,WR,Half-PPR,198.56
Terry McLaurin,WAS,WR,PPR,237.99
Trey McBride,ARI,TE,Standard,142.15
Trey McBride,ARI,TE,Half-PPR,194.59
Trey McBride,ARI,TE,PPR,247.03
Omarion Hampton,LAC,RB,Standard,177.25
Omarion Hampton,LAC,RB,Half-PPR,192.85
Omarion Hampton,LAC,RB,PPR,208.44
Russell Wilson,NYG,QB,Standard,192.15
Russell Wilson,NYG,QB,Half-PPR,192.15
Russell Wilson,NYG,QB,PPR,192.15
Marvin Harrison Jr.,ARI,WR,Standard,153.41
Marvin Harrison Jr.,ARI,WR,Half-PPR,191.51
Marvin Harrison Jr.,ARI,WR,PPR,229.61
DJ Moore,CHI,WR,Standard,146.88
DJ Moore,CHI,WR,Half-PPR,191.45
DJ Moore,CHI,WR,PPR,236.01
Garrett Wilson,NYJ,WR,Standard,144.28
Garrett Wilson,NYJ,WR,Half-PPR,191.45
Garrett Wilson,NYJ,WR,PPR,238.61
Aaron Jones Sr.,MIN,RB,Standard,167.73
Aaron Jones Sr.,MIN,RB,Half-PPR,191.13
Aaron Jones Sr.,MIN,RB,PPR,214.53
D'Andre Swift,CHI,RB,Standard,171.43
D'Andre Swift,CHI,RB,Half-PPR,190.58
D'Andre Swift,CHI,RB,PPR,209.73
DK Metcalf,PIT,WR,Standard,152.81
DK Metcalf,PIT,WR,Half-PPR,190.21
DK Metcalf,PIT,WR,PPR,227.6
Xavier Worthy,KC,WR,Standard,153.83
Xavier Worthy,KC,WR,Half-PPR,189.63
Xavier Worthy,KC,WR,PPR,225.44
George Kittle,SF,TE,Standard,149.23
George Kittle,SF,TE,Half-PPR,187.39
George Kittle,SF,TE,PPR,225.55
Joe Mixon,HOU,RB,Standard,169.58
Joe Mixon,HOU,RB,Half-PPR,186.97
Joe Mixon,HOU,RB,PPR,204.37
David Montgomery,DET,RB,Standard,170.64
David Montgomery,DET,RB,Half-PPR,186.19
David Montgomery,DET,RB,PPR,201.74
Courtland Sutton,DEN,WR,Standard,147.15
Courtland Sutton,DEN,WR,Half-PPR,185.48
Courtland Sutton,DEN,WR,PPR,223.8
Zay Flowers,BAL,WR,Standard,146.25
Zay Flowers,BAL,WR,Half-PPR,184.26
Zay Flowers,BAL,WR,PPR,222.27
DeVonta Smith,PHI,WR,Standard,141.55
DeVonta Smith,PHI,WR,Half-PPR,181.36
DeVonta Smith,PHI,WR,PPR,221.18
Tyler Shough,NO,QB,Standard,181.29
Tyler Shough,NO,QB,Half-PPR,181.29
Tyler Shough,NO,QB,PPR,181.29
Calvin Ridley,TEN,WR,Standard,145.73
Calvin Ridley,TEN,WR,Half-PPR,180.83
Calvin Ridley,TEN,WR,PPR,215.94
Jameson Williams,DET,WR,Standard,148.16
Jameson Williams,DET,WR,Half-PPR,178.26
Jameson Williams,DET,WR,PPR,208.36
Tony Pollard,TEN,RB,Standard,158.45
Tony Pollard,TEN,RB,Half-PPR,178.25
Tony Pollard,TEN,RB,PPR,198.04
Rashee Rice,KC,WR,Standard,134.19
Rashee Rice,KC,WR,Half-PPR,173.65
Rashee Rice,KC,WR,PPR,213.12
Jerry Jeudy,CLE,WR,Standard,131.74
Jerry Jeudy,CLE,WR,Half-PPR,171.34
Jerry Jeudy,CLE,WR,PPR,210.94
Jakobi Meyers,LV,WR,Standard,130.35
Jakobi Meyers,LV,WR,Half-PPR,171.33
Jakobi Meyers,LV,WR,PPR,212.31
Jaylen Waddle,MIA,WR,Standard,130.06
Jaylen Waddle,MIA,WR,Half-PPR,168.63
Jaylen Waddle,MIA,WR,PPR,207.21
George Pickens,DAL,WR,Standard,133.37
George Pickens,DAL,WR,Half-PPR,166.23
George Pickens,DAL,WR,PPR,199.09
Jauan Jennings,SF,WR,Standard,129.66
Jauan Jennings,SF,WR,Half-PPR,165.75
Jauan Jennings,SF,WR,PPR,201.83
TreVeyon Henderson,NE,RB,Standard,147.87
TreVeyon Henderson,NE,RB,Half-PPR,165.51
TreVeyon Henderson,NE,RB,PPR,183.15
Jordan Addison,MIN,WR,Standard,132.68
Jordan Addison,MIN,WR,Half-PPR,165.4
Jordan Addison,MIN,WR,PPR,198.11
Travis Hunter,JAC,WR,Standard,129.15
Travis Hunter,JAC,WR,Half-PPR,165.07
Travis Hunter,JAC,WR,PPR,200.99
Brian Robinson Jr.,WAS,RB,Standard,151.69
Brian Robinson Jr.,WAS,RB,Half-PPR,164.82
Brian Robinson Jr.,WAS,RB,PPR,177.96
Rome Odunze,CHI,WR,Standard,128
Rome Odunze,CHI,WR,Half-PPR,163.58
Rome Odunze,CHI,WR,PPR,199.16
RJ Harvey,DEN,RB,Standard,144.94
RJ Harvey,DEN,RB,Half-PPR,163.27
RJ Harvey,DEN,RB,PPR,181.6
Isiah Pacheco,KC,RB,Standard,146.16
Isiah Pacheco,KC,RB,Half-PPR,162.68
Isiah Pacheco,KC,RB,PPR,179.19
Tyrone Tracy Jr.,NYG,RB,Standard,143.62
Tyrone Tracy Jr.,NYG,RB,Half-PPR,162.19
Tyrone Tracy Jr.,NYG,RB,PPR,180.75
Chris Olave,NO,WR,Standard,123.12
Chris Olave,NO,WR,Half-PPR,160.38
Chris Olave,NO,WR,PPR,197.63
Tetairoa McMillan,CAR,WR,Standard,124.65
Tetairoa McMillan,CAR,WR,Half-PPR,159.73
Tetairoa McMillan,CAR,WR,PPR,194.81
Chris Godwin,TB,WR,Standard,121.1
Chris Godwin,TB,WR,Half-PPR,158.64
Chris Godwin,TB,WR,PPR,196.18
Jayden Reed,GB,WR,Standard,129.49
Jayden Reed,GB,WR,Half-PPR,158.55
Jayden Reed,GB,WR,PPR,187.62
Deebo Samuel Sr.,WAS,WR,Standard,127.02
Deebo Samuel Sr.,WAS,WR,Half-PPR,158.13
Deebo Samuel Sr.,WAS,WR,PPR,189.25
Sam LaPorta,DET,TE,Standard,122.23
Sam LaPorta,DET,TE,Half-PPR,157.67
Sam LaPorta,DET,TE,PPR,193.11
Kaleb Johnson,PIT,RB,Standard,141.96
Kaleb Johnson,PIT,RB,Half-PPR,154.49
Kaleb Johnson,PIT,RB,PPR,167.03
Jaylen Warren,PIT,RB,Standard,127.44
Jaylen Warren,PIT,RB,Half-PPR,151.45
Jaylen Warren,PIT,RB,PPR,175.47
Mark Andrews,BAL,TE,Standard,120.81
Mark Andrews,BAL,TE,Half-PPR,150.47
Mark Andrews,BAL,TE,PPR,180.14
Stefon Diggs,NE,WR,Standard,113.41
Stefon Diggs,NE,WR,Half-PPR,150.33
Stefon Diggs,NE,WR,PPR,187.25
Khalil Shakir,BUF,WR,Standard,111.92
Khalil Shakir,BUF,WR,Half-PPR,149.54
Khalil Shakir,BUF,WR,PPR,187.17
Ricky Pearsall,SF,WR,Standard,116.76
Ricky Pearsall,SF,WR,Half-PPR,146.73
Ricky Pearsall,SF,WR,PPR,176.71
Cooper Kupp,SEA,WR,Standard,110.56
Cooper Kupp,SEA,WR,Half-PPR,146.56
Cooper Kupp,SEA,WR,PPR,182.56
Darnell Mooney,ATL,WR,Standard,114.45
Darnell Mooney,ATL,WR,Half-PPR,145.43
Darnell Mooney,ATL,WR,PPR,176.4
Travis Kelce,KC,TE,Standard,104.5
Travis Kelce,KC,TE,Half-PPR,144.87
Travis Kelce,KC,TE,PPR,185.23
Michael Pittman Jr.,IND,WR,Standard,107.51
Michael Pittman Jr.,IND,WR,Half-PPR,144.45
Michael Pittman Jr.,IND,WR,PPR,181.4
Matthew Golden,GB,WR,Standard,115.12
Matthew Golden,GB,WR,Half-PPR,143.27
Matthew Golden,GB,WR,PPR,171.42
T.J. Hockenson,MIN,TE,Standard,104.49
T.J. Hockenson,MIN,TE,Half-PPR,141.52
T.J. Hockenson,MIN,TE,PPR,178.55
Javonte Williams,DAL,RB,Standard,121.45
Javonte Williams,DAL,RB,Half-PPR,141.36
Javonte Williams,DAL,RB,PPR,161.26
Josh Downs,IND,WR,Standard,106.62
Josh Downs,IND,WR,Half-PPR,140.77
Josh Downs,IND,WR,PPR,174.92
Rhamondre Stevenson,NE,RB,Standard,125.47
Rhamondre Stevenson,NE,RB,Half-PPR,140.49
Rhamondre Stevenson,NE,RB,PPR,155.51
David Njoku,CLE,TE,Standard,102.19
David Njoku,CLE,TE,Half-PPR,140.3
David Njoku,CLE,TE,PPR,178.42
Rashid Shaheed,NO,WR,Standard,111.36
Rashid Shaheed,NO,WR,Half-PPR,138.37
Rashid Shaheed,NO,WR,PPR,165.38
Keon Coleman,BUF,WR,Standard,110.3
Keon Coleman,BUF,WR,Half-PPR,135.19
Keon Coleman,BUF,WR,PPR,160.09
Rashod Bateman,BAL,WR,Standard,109.99
Rashod Bateman,BAL,WR,Half-PPR,133.83
Rashod Bateman,BAL,WR,PPR,157.67
Quinshon Judkins,CLE,RB,Standard,122.41
Quinshon Judkins,CLE,RB,Half-PPR,133.44
Quinshon Judkins,CLE,RB,PPR,144.47
Najee Harris,LAC,RB,Standard,120.17
Najee Harris,LAC,RB,Half-PPR,132.3
Najee Harris,LAC,RB,PPR,144.43
Travis Etienne Jr.,JAC,RB,Standard,112.21
Travis Etienne Jr.,JAC,RB,Half-PPR,131.98
Travis Etienne Jr.,JAC,RB,PPR,151.74
Quentin Johnston,LAC,WR,Standard,105.02
Quentin Johnston,LAC,WR,Half-PPR,131.38
Quentin Johnston,LAC,WR,PPR,157.74
J.K. Dobbins,DEN,RB,Standard,116.47
J.K. Dobbins,DEN,RB,Half-PPR,129.97
J.K. Dobbins,DEN,RB,PPR,143.46
Adam Thielen,CAR,WR,Standard,97.13
Adam Thielen,CAR,WR,Half-PPR,128.42
Adam Thielen,CAR,WR,PPR,159.7
Zach Charbonnet,SEA,RB,Standard,108.97
Zach Charbonnet,SEA,RB,Half-PPR,126.88
Zach Charbonnet,SEA,RB,PPR,144.79
Brandon Aiyuk,SF,WR,Standard,100.88
Brandon Aiyuk,SF,WR,Half-PPR,126.56
Brandon Aiyuk,SF,WR,PPR,152.23
Tucker Kraft,GB,TE,Standard,98
Tucker Kraft,GB,TE,Half-PPR,126.18
Tucker Kraft,GB,TE,PPR,154.36
Austin Ekeler,WAS,RB,Standard,103.23
Austin Ekeler,WAS,RB,Half-PPR,125.28
Austin Ekeler,WAS,RB,PPR,147.33
Tyjae Spears,TEN,RB,Standard,103.31
Tyjae Spears,TEN,RB,Half-PPR,122.61
Tyjae Spears,TEN,RB,PPR,141.91
Marvin Mims Jr.,DEN,WR,Standard,99.12
Marvin Mims Jr.,DEN,WR,Half-PPR,122.6
Marvin Mims Jr.,DEN,WR,PPR,146.08
Dallas Goedert,PHI,TE,Standard,92.23
Dallas Goedert,PHI,TE,Half-PPR,122.59
Dallas Goedert,PHI,TE,PPR,152.96
Evan Engram,DEN,TE,Standard,85.52
Evan Engram,DEN,TE,Half-PPR,121.55
Evan Engram,DEN,TE,PPR,157.59
Rachaad White,TB,RB,Standard,101.83
Rachaad White,TB,RB,Half-PPR,121.43
Rachaad White,TB,RB,PPR,141.03
Tyler Warren,IND,TE,Standard,91.52
Tyler Warren,IND,TE,Half-PPR,121.15
Tyler Warren,IND,TE,PPR,150.77
Emeka Egbuka,TB,WR,Standard,93.6
Emeka Egbuka,TB,WR,Half-PPR,119.65
Emeka Egbuka,TB,WR,PPR,145.7
Jake Ferguson,DAL,TE,Standard,83.4
Jake Ferguson,DAL,TE,Half-PPR,117.48
Jake Ferguson,DAL,TE,PPR,151.55
Zach Ertz,WAS,TE,Standard,86.95
Zach Ertz,WAS,TE,Half-PPR,116.48
Zach Ertz,WAS,TE,PPR,146.02
Wan'Dale Robinson,NYG,WR,Standard,79.96
Wan'Dale Robinson,NYG,WR,Half-PPR,115.5
Wan'Dale Robinson,NYG,WR,PPR,151.03
Christian Kirk,HOU,WR,Standard,87.18
Christian Kirk,HOU,WR,Half-PPR,113.88
Christian Kirk,HOU,WR,PPR,140.58
Tre' Harris,LAC,WR,Standard,87.92
Tre' Harris,LAC,WR,Half-PPR,112.65
Tre' Harris,LAC,WR,PPR,137.38
Cam Skattebo,NYG,RB,Standard,100.1
Cam Skattebo,NYG,RB,Half-PPR,112.15
Cam Skattebo,NYG,RB,PPR,124.2
Hunter Henry,NE,TE,Standard,82.62
Hunter Henry,NE,TE,Half-PPR,112.13
Hunter Henry,NE,TE,PPR,141.65
Jonnu Smith,PIT,TE,Standard,83.39
Jonnu Smith,PIT,TE,Half-PPR,111.82
Jonnu Smith,PIT,TE,PPR,140.26
Kyle Pitts,ATL,TE,Standard,86.42
Kyle Pitts,ATL,TE,Half-PPR,111.59
Kyle Pitts,ATL,TE,PPR,136.75
Romeo Doubs,GB,WR,Standard,87.27
Romeo Doubs,GB,WR,Half-PPR,111.54
Romeo Doubs,GB,WR,PPR,135.81
Colston Loveland,CHI,TE,Standard,83.84
Colston Loveland,CHI,TE,Half-PPR,111.45
Colston Loveland,CHI,TE,PPR,139.06
Marquise Brown,KC,WR,Standard,85.26
Marquise Brown,KC,WR,Half-PPR,111.04
Marquise Brown,KC,WR,PPR,136.83
Tank Bigsby,JAC,RB,Standard,105.59
Tank Bigsby,JAC,RB,Half-PPR,110.92
Tank Bigsby,JAC,RB,PPR,116.25
Xavier Legette,CAR,WR,Standard,84.64
Xavier Legette,CAR,WR,Half-PPR,110.81
Xavier Legette,CAR,WR,PPR,136.99
Cedric Tillman,CLE,WR,Standard,84.1
Cedric Tillman,CLE,WR,Half-PPR,110.69
Cedric Tillman,CLE,WR,PPR,137.27
Dalton Kincaid,BUF,TE,Standard,79.27
Dalton Kincaid,BUF,TE,Half-PPR,107.66
Dalton Kincaid,BUF,TE,PPR,136.06
Darren Waller,MIA,TE,Standard,79.69
Darren Waller,MIA,TE,Half-PPR,106.47
Darren Waller,MIA,TE,PPR,133.25
Cade Otton,TB,TE,Standard,79.06
Cade Otton,TB,TE,Half-PPR,106.21
Cade Otton,TB,TE,PPR,133.36
Michael Wilson,ARI,WR,Standard,82.1
Michael Wilson,ARI,WR,Half-PPR,106.07
Michael Wilson,ARI,WR,PPR,130.03
Jordan Mason,MIN,RB,Standard,98.92
Jordan Mason,MIN,RB,Half-PPR,106.01
Jordan Mason,MIN,RB,PPR,113.1
Mike Gesicki,CIN,TE,Standard,75.95
Mike Gesicki,CIN,TE,Half-PPR,105.05
Mike Gesicki,CIN,TE,PPR,134.15
Alec Pierce,IND,WR,Standard,87.29
Alec Pierce,IND,WR,Half-PPR,104.85
Alec Pierce,IND,WR,PPR,122.41
Isaiah Likely,BAL,TE,Standard,83.15
Isaiah Likely,BAL,TE,Half-PPR,104.61
Isaiah Likely,BAL,TE,PPR,126.08
Jayden Higgins,HOU,WR,Standard,81.34
Jayden Higgins,HOU,WR,Half-PPR,104.28
Jayden Higgins,HOU,WR,PPR,127.21
DeMario Douglas,NE,WR,Standard,75.37
DeMario Douglas,NE,WR,Half-PPR,102.97
DeMario Douglas,NE,WR,PPR,130.57
Joe Flacco,CLE,QB,Standard,102.78
Joe Flacco,CLE,QB,Half-PPR,102.78
Joe Flacco,CLE,QB,PPR,102.78
Pat Freiermuth,PIT,TE,Standard,75.1
Pat Freiermuth,PIT,TE,Half-PPR,102.38
Pat Freiermuth,PIT,TE,PPR,129.67
Daniel Jones,IND,QB,Standard,101.08
Daniel Jones,IND,QB,Half-PPR,101.08
Daniel Jones,IND,QB,PPR,101.08
Jerome Ford,CLE,RB,Standard,86.56
Jerome Ford,CLE,RB,Half-PPR,101.06
Jerome Ford,CLE,RB,PPR,115.55
Brenton Strange,JAC,TE,Standard,72.33
Brenton Strange,JAC,TE,Half-PPR,100.63
Brenton Strange,JAC,TE,PPR,128.93
Jalen McMillan,TB,WR,Standard,80.19
Jalen McMillan,TB,WR,Half-PPR,99.97
Jalen McMillan,TB,WR,PPR,119.75
Dalton Schultz,HOU,TE,Standard,72.96
Dalton Schultz,HOU,TE,Half-PPR,99.57
Dalton Schultz,HOU,TE,PPR,126.17
Juwan Johnson,NO,TE,Standard,74.49
Juwan Johnson,NO,TE,Half-PPR,98.77
Juwan Johnson,NO,TE,PPR,123.05
Luther Burden III,CHI,WR,Standard,74.5
Luther Burden III,CHI,WR,Half-PPR,97.02
Luther Burden III,CHI,WR,PPR,119.53
Kenny Pickett,CLE,QB,Standard,96.79
Kenny Pickett,CLE,QB,Half-PPR,96.79
Kenny Pickett,CLE,QB,PPR,96.79
Joshua Palmer,BUF,WR,Standard,74.55
Joshua Palmer,BUF,WR,Half-PPR,95.49
Joshua Palmer,BUF,WR,PPR,116.42
Isaac Guerendo,SF,RB,Standard,86.84
Isaac Guerendo,SF,RB,Half-PPR,95.07
Isaac Guerendo,SF,RB,PPR,103.3
Rico Dowdle,CAR,RB,Standard,83.45
Rico Dowdle,CAR,RB,Half-PPR,94.97
Rico Dowdle,CAR,RB,PPR,106.49
Chig Okonkwo,TEN,TE,Standard,67.78
Chig Okonkwo,TEN,TE,Half-PPR,94.74
Chig Okonkwo,TEN,TE,PPR,121.69
Tyler Higbee,LAR,TE,Standard,70.04
Tyler Higbee,LAR,TE,Half-PPR,94.69
Tyler Higbee,LAR,TE,PPR,119.34
Tyler Allgeier,ATL,RB,Standard,87.83
Tyler Allgeier,ATL,RB,Half-PPR,94.27
Tyler Allgeier,ATL,RB,PPR,100.71
Tyler Lockett,TEN,WR,Standard,71.65
Tyler Lockett,TEN,WR,Half-PPR,93.79
Tyler Lockett,TEN,WR,PPR,115.92
Darius Slayton,NYG,WR,Standard,74
Darius Slayton,NYG,WR,Half-PPR,92.89
Darius Slayton,NYG,WR,PPR,111.79
Calvin Austin III,PIT,WR,Standard,73.88
Calvin Austin III,PIT,WR,Half-PPR,92.86
Calvin Austin III,PIT,WR,PPR,111.85
Spencer Rattler,NO,QB,Standard,92.62
Spencer Rattler,NO,QB,Half-PPR,92.62
Spencer Rattler,NO,QB,PPR,92.62
Jack Bech,LV,WR,Standard,68.98
Jack Bech,LV,WR,Half-PPR,90.69
Jack Bech,LV,WR,PPR,112.41
Kareem Hunt,KC,RB,Standard,80.7
Kareem Hunt,KC,RB,Half-PPR,90.04
Kareem Hunt,KC,RB,PPR,99.39
Nick Westbrook-Ikhine,MIA,WR,Standard,71.49
Nick Westbrook-Ikhine,MIA,WR,Half-PPR,88.67
Nick Westbrook-Ikhine,MIA,WR,PPR,105.85
Ray Davis,BUF,RB,Standard,81.37
Ray Davis,BUF,RB,Half-PPR,88.36
Ray Davis,BUF,RB,PPR,95.36
Jalen Tolbert,DAL,WR,Standard,69.75
Jalen Tolbert,DAL,WR,Half-PPR,87.8
Jalen Tolbert,DAL,WR,PPR,105.85
Theo Johnson,NYG,TE,Standard,64.5
Theo Johnson,NYG,TE,Half-PPR,87.4
Theo Johnson,NYG,TE,PPR,110.29
Roschon Johnson,CHI,RB,Standard,76.02
Roschon Johnson,CHI,RB,Half-PPR,87.04
Roschon Johnson,CHI,RB,PPR,98.07
Ray-Ray McCloud III,ATL,WR,Standard,64.48
Ray-Ray McCloud III,ATL,WR,Half-PPR,86.54
Ray-Ray McCloud III,ATL,WR,PPR,108.6
Mason Taylor,NYJ,TE,Standard,62.78
Mason Taylor,NYJ,TE,Half-PPR,85.65
Mason Taylor,NYJ,TE,PPR,108.52
Justice Hill,BAL,RB,Standard,67.7
Justice Hill,BAL,RB,Half-PPR,84.83
Justice Hill,BAL,RB,PPR,101.96
Tre Tucker,LV,WR,Standard,67.04
Tre Tucker,LV,WR,Half-PPR,84.66
Tre Tucker,LV,WR,PPR,102.29
Kyle Williams,NE,WR,Standard,64.84
Kyle Williams,NE,WR,Half-PPR,83.77
Kyle Williams,NE,WR,PPR,102.71
Trey Benson,ARI,RB,Standard,76.74
Trey Benson,ARI,RB,Half-PPR,83.64
Trey Benson,ARI,RB,PPR,90.54
Nick Chubb,HOU,RB,Standard,78.42
Nick Chubb,HOU,RB,Half-PPR,83.45
Nick Chubb,HOU,RB,PPR,88.48
Allen Lazard,NYJ,WR,Standard,65.97
Allen Lazard,NYJ,WR,Half-PPR,82.82
Allen Lazard,NYJ,WR,PPR,99.68
Tutu Atwell,LAR,WR,Standard,63.34
Tutu Atwell,LAR,WR,Half-PPR,82.58
Tutu Atwell,LAR,WR,PPR,101.82
Deshaun Watson,CLE,QB,Standard,79.66
Deshaun Watson,CLE,QB,Half-PPR,79.66
Deshaun Watson,CLE,QB,PPR,79.66
Braelon Allen,NYJ,RB,Standard,70.19
Braelon Allen,NYJ,RB,Half-PPR,79.58
Braelon Allen,NYJ,RB,PPR,88.96
DeAndre Hopkins,BAL,WR,Standard,63.21
DeAndre Hopkins,BAL,WR,Half-PPR,79.2
DeAndre Hopkins,BAL,WR,PPR,95.19
Kye Robichaux,DET,RB,Standard,67.43
Kye Robichaux,DET,RB,Half-PPR,79.1
Kye Robichaux,DET,RB,PPR,90.77
Brenden Bates,CLE,TE,Standard,67.43
Brenden Bates,CLE,TE,Half-PPR,79.1
Brenden Bates,CLE,TE,PPR,90.77
Elijah Arroyo,SEA,TE,Standard,58.06
Elijah Arroyo,SEA,TE,Half-PPR,78.63
Elijah Arroyo,SEA,TE,PPR,99.2
Jaydon Blue,DAL,RB,Standard,68.91
Jaydon Blue,DAL,RB,Half-PPR,78.27
Jaydon Blue,DAL,RB,PPR,87.62
Brandin Cooks,NO,WR,Standard,59.6
Brandin Cooks,NO,WR,Half-PPR,77.96
Brandin Cooks,NO,WR,PPR,96.31
Josh Reynolds,NYJ,WR,Standard,61.7
Josh Reynolds,NYJ,WR,Half-PPR,77.79
Josh Reynolds,NYJ,WR,PPR,93.88
Will Dissly,LAC,TE,Standard,55.21
Will Dissly,LAC,TE,Half-PPR,76.66
Will Dissly,LAC,TE,PPR,98.11
Andrei Iosivas,CIN,WR,Standard,61.23
Andrei Iosivas,CIN,WR,Half-PPR,76.6
Andrei Iosivas,CIN,WR,PPR,91.97
Bhayshul Tuten,JAC,RB,Standard,67.35
Bhayshul Tuten,JAC,RB,Half-PPR,75.71
Bhayshul Tuten,JAC,RB,PPR,84.07
MarShawn Lloyd,GB,RB,Standard,68.95
MarShawn Lloyd,GB,RB,Half-PPR,75.61
MarShawn Lloyd,GB,RB,PPR,82.28
Dylan Sampson,CLE,RB,Standard,65.43
Dylan Sampson,CLE,RB,Half-PPR,74.61
Dylan Sampson,CLE,RB,PPR,83.78
Ja'Tavion Sanders,CAR,TE,Standard,54.04
Ja'Tavion Sanders,CAR,TE,Half-PPR,74.6
Ja'Tavion Sanders,CAR,TE,PPR,95.17
Jaylen Wright,MIA,RB,Standard,67.43
Jaylen Wright,MIA,RB,Half-PPR,74.25
Jaylen Wright,MIA,RB,PPR,81.08
Jalen Coker,CAR,WR,Standard,56.59
Jalen Coker,CAR,WR,Half-PPR,73.82
Jalen Coker,CAR,WR,PPR,91.04
Zack Moss,CIN,RB,Standard,62.72
Zack Moss,CIN,RB,Half-PPR,73.28
Zack Moss,CIN,RB,PPR,83.84
Dyami Brown,JAC,WR,Standard,55.28
Dyami Brown,JAC,WR,Half-PPR,73.01
Dyami Brown,JAC,WR,PPR,90.75
Cole Kmet,CHI,TE,Standard,53.61
Cole Kmet,CHI,TE,Half-PPR,72.67
Cole Kmet,CHI,TE,PPR,91.74
Kendre Miller,NO,RB,Standard,65.81
Kendre Miller,NO,RB,Half-PPR,72.58
Kendre Miller,NO,RB,PPR,79.35
Noah Gray,KC,TE,Standard,54.14
Noah Gray,KC,TE,Half-PPR,71.86
Noah Gray,KC,TE,PPR,89.57
Kayshon Boutte,NE,WR,Standard,55.42
Kayshon Boutte,NE,WR,Half-PPR,71.06
Kayshon Boutte,NE,WR,PPR,86.71
Diontae Johnson,CLE,WR,Standard,52.78
Diontae Johnson,CLE,WR,Half-PPR,70.49
Diontae Johnson,CLE,WR,PPR,88.2
Marquez Valdes-Scantling,SEA,WR,Standard,56.83
Marquez Valdes-Scantling,SEA,WR,Half-PPR,70.28
Marquez Valdes-Scantling,SEA,WR,PPR,83.72
Taysom Hill,NO,TE,Standard,59.98
Taysom Hill,NO,TE,Half-PPR,70.27
Taysom Hill,NO,TE,PPR,80.56
Noah Brown,WAS,WR,Standard,52.63
Noah Brown,WAS,WR,Half-PPR,69.1
Noah Brown,WAS,WR,PPR,85.56
Ty Johnson,BUF,RB,Standard,59.01
Ty Johnson,BUF,RB,Half-PPR,68.14
Ty Johnson,BUF,RB,PPR,77.28
Tyler Conklin,LAC,TE,Standard,49.66
Tyler Conklin,LAC,TE,Half-PPR,68.03
Tyler Conklin,LAC,TE,PPR,86.4
Demarcus Robinson,SF,WR,Standard,55.63
Demarcus Robinson,SF,WR,Half-PPR,67.37
Demarcus Robinson,SF,WR,PPR,79.12
Raheem Mostert,LV,RB,Standard,58.14
Raheem Mostert,LV,RB,Half-PPR,67.35
Raheem Mostert,LV,RB,PPR,76.57
Russell Gage Jr.,SF,WR,Standard,51.48
Russell Gage Jr.,SF,WR,Half-PPR,67.28
Russell Gage Jr.,SF,WR,PPR,83.08
Dontayvion Wicks,GB,WR,Standard,52.25
Dontayvion Wicks,GB,WR,Half-PPR,66.37
Dontayvion Wicks,GB,WR,PPR,80.48
Miles Sanders,DAL,RB,Standard,58.87
Miles Sanders,DAL,RB,Half-PPR,66.36
Miles Sanders,DAL,RB,PPR,73.84
Kyle Philips,LV,WR,Standard,49.54
Kyle Philips,LV,WR,Half-PPR,65.64
Kyle Philips,LV,WR,PPR,81.74
Dont'e Thornton Jr.,LV,WR,Standard,51.36
Dont'e Thornton Jr.,LV,WR,Half-PPR,65.61
Dont'e Thornton Jr.,LV,WR,PPR,79.86
Greg Dortch,ARI,WR,Standard,48.22
Greg Dortch,ARI,WR,Half-PPR,64.27
Greg Dortch,ARI,WR,PPR,80.32
Devaughn Vele,DEN,WR,Standard,47.93
Devaughn Vele,DEN,WR,Half-PPR,64.04
Devaughn Vele,DEN,WR,PPR,80.15
Jalen Nailor,MIN,WR,Standard,50.69
Jalen Nailor,MIN,WR,Half-PPR,63.8
Jalen Nailor,MIN,WR,PPR,76.91
AJ Barner,SEA,TE,Standard,47.13
AJ Barner,SEA,TE,Half-PPR,63.73
AJ Barner,SEA,TE,PPR,80.32
Pat Bryant,DEN,WR,Standard,50.19
Pat Bryant,DEN,WR,Half-PPR,63.68
Pat Bryant,DEN,WR,PPR,77.18
Adonai Mitchell,IND,WR,Standard,49.32
Adonai Mitchell,IND,WR,Half-PPR,62.44
Adonai Mitchell,IND,WR,PPR,75.55
Curtis Samuel,BUF,WR,Standard,47.48
Curtis Samuel,BUF,WR,Half-PPR,61.95
Curtis Samuel,BUF,WR,PPR,76.43
Jaxson Dart,NYG,QB,Standard,61.71
Jaxson Dart,NYG,QB,Half-PPR,61.71
Jaxson Dart,NYG,QB,PPR,61.71
Troy Franklin,DEN,WR,Standard,48.1
Troy Franklin,DEN,WR,Half-PPR,61.24
Troy Franklin,DEN,WR,PPR,74.38
Zamir White,LV,RB,Standard,54.7
Zamir White,LV,RB,Half-PPR,60.45
Zamir White,LV,RB,PPR,66.2
Christian Watson,GB,WR,Standard,50.05
Christian Watson,GB,WR,Half-PPR,60.3
Christian Watson,GB,WR,PPR,70.55
Kirk Cousins,ATL,QB,Standard,60.02
Kirk Cousins,ATL,QB,Half-PPR,60.02
Kirk Cousins,ATL,QB,PPR,60.02
Jordan Whittington,LAR,WR,Standard,45.61
Jordan Whittington,LAR,WR,Half-PPR,59.76
Jordan Whittington,LAR,WR,PPR,73.91
Robbie Ouzts,SEA,RB,Standard,43.3
Robbie Ouzts,SEA,RB,Half-PPR,59.63
Robbie Ouzts,SEA,RB,PPR,75.97
Robbie Ouzts,SEA,TE,Standard,43.3
Robbie Ouzts,SEA,TE,Half-PPR,59.63
Robbie Ouzts,SEA,TE,PPR,75.97
KaVontae Turpin,DAL,WR,Standard,45.92
KaVontae Turpin,DAL,WR,Half-PPR,56.96
KaVontae Turpin,DAL,WR,PPR,68
Blake Corum,LAR,RB,Standard,51.77
Blake Corum,LAR,RB,Half-PPR,56.32
Blake Corum,LAR,RB,PPR,60.87
Dillon Gabriel,CLE,QB,Standard,55.76
Dillon Gabriel,CLE,QB,Half-PPR,55.76
Dillon Gabriel,CLE,QB,PPR,55.76
Elijah Moore,BUF,WR,Standard,41.16
Elijah Moore,BUF,WR,Half-PPR,55.67
Elijah Moore,BUF,WR,PPR,70.18
Tim Patrick,DET,WR,Standard,42.39
Tim Patrick,DET,WR,Half-PPR,54.61
Tim Patrick,DET,WR,PPR,66.83
Foster Moreau,NO,TE,Standard,42.09
Foster Moreau,NO,TE,Half-PPR,54.3
Foster Moreau,NO,TE,PPR,66.5
Will Shipley,PHI,RB,Standard,47.7
Will Shipley,PHI,RB,Half-PPR,53.96
Will Shipley,PHI,RB,PPR,60.23
Austin Hooper,NE,TE,Standard,38.7
Austin Hooper,NE,TE,Half-PPR,53.59
Austin Hooper,NE,TE,PPR,68.48
Kendrick Bourne,NE,WR,Standard,39.63
Kendrick Bourne,NE,WR,Half-PPR,53.01
Kendrick Bourne,NE,WR,PPR,66.39
Devin Singletary,NYG,RB,Standard,46.39
Devin Singletary,NYG,RB,Half-PPR,52.34
Devin Singletary,NYG,RB,PPR,58.29
Jaylin Noel,HOU,WR,Standard,39.71
Jaylin Noel,HOU,WR,Half-PPR,51.38
Jaylin Noel,HOU,WR,PPR,63.05
Shedeur Sanders,CLE,QB,Standard,50.77
Shedeur Sanders,CLE,QB,Half-PPR,50.77
Shedeur Sanders,CLE,QB,PPR,50.77
Roman Wilson,PIT,WR,Standard,38.84
Roman Wilson,PIT,WR,Half-PPR,50.12
Roman Wilson,PIT,WR,PPR,61.39
Michael Mayer,LV,TE,Standard,35.92
Michael Mayer,LV,TE,Half-PPR,50.07
Michael Mayer,LV,TE,PPR,64.22
Elic Ayomanor,TEN,WR,Standard,37.75
Elic Ayomanor,TEN,WR,Half-PPR,49.39
Elic Ayomanor,TEN,WR,PPR,61.03
Antonio Gibson,NE,RB,Standard,40.88
Antonio Gibson,NE,RB,Half-PPR,48.15
Antonio Gibson,NE,RB,PPR,55.41
Rondale Moore,MIN,WR,Standard,37.69
Rondale Moore,MIN,WR,Half-PPR,47.96
Rondale Moore,MIN,WR,PPR,58.22
Dawson Knox,BUF,TE,Standard,35.89
Dawson Knox,BUF,TE,Half-PPR,47.26
Dawson Knox,BUF,TE,PPR,58.63
Audric Estime,DEN,RB,Standard,42.87
Audric Estime,DEN,RB,Half-PPR,47.08
Audric Estime,DEN,RB,PPR,51.3
Robert Woods,PIT,WR,Standard,33.99
Robert Woods,PIT,WR,Half-PPR,46.43
Robert Woods,PIT,WR,PPR,58.87
Malik Washington,MIA,WR,Standard,33.51
Malik Washington,MIA,WR,Half-PPR,46.43
Malik Washington,MIA,WR,PPR,59.35
Jaleel McLaughlin,DEN,RB,Standard,38.66
Jaleel McLaughlin,DEN,RB,Half-PPR,46.3
Jaleel McLaughlin,DEN,RB,PPR,53.94
Parker Washington,JAC,WR,Standard,34.89
Parker Washington,JAC,WR,Half-PPR,45.89
Parker Washington,JAC,WR,PPR,56.89
Jarquez Hunter,LAR,RB,Standard,40.89
Jarquez Hunter,LAR,RB,Half-PPR,45.43
Jarquez Hunter,LAR,RB,PPR,49.97
Tommy Tremble,CAR,TE,Standard,33.76
Tommy Tremble,CAR,TE,Half-PPR,44.71
Tommy Tremble,CAR,TE,PPR,55.66
Brock Wright,DET,TE,Standard,33.96
Brock Wright,DET,TE,Half-PPR,43.88
Brock Wright,DET,TE,PPR,53.79
Mack Hollins,NE,WR,Standard,33.81
Mack Hollins,NE,WR,Half-PPR,42.71
Mack Hollins,NE,WR,PPR,51.61
Elijah Mitchell,KC,RB,Standard,38.05
Elijah Mitchell,KC,RB,Half-PPR,42.46
Elijah Mitchell,KC,RB,PPR,46.87
Terrance Ferguson,LAR,TE,Standard,31.74
Terrance Ferguson,LAR,TE,Half-PPR,42.27
Terrance Ferguson,LAR,TE,PPR,52.81
Jermaine Burton,CIN,WR,Standard,33.29
Jermaine Burton,CIN,WR,Half-PPR,41.51
Jermaine Burton,CIN,WR,PPR,49.73
Keaton Mitchell,BAL,RB,Standard,37.35
Keaton Mitchell,BAL,RB,Half-PPR,41.03
Keaton Mitchell,BAL,RB,PPR,44.71
Woody Marks,HOU,RB,Standard,34.43
Woody Marks,HOU,RB,Half-PPR,40.7
Woody Marks,HOU,RB,PPR,46.96
Khalil Herbert,IND,RB,Standard,36.46
Khalil Herbert,IND,RB,Half-PPR,40.59
Khalil Herbert,IND,RB,PPR,44.71
Emanuel Wilson,GB,RB,Standard,37.03
Emanuel Wilson,GB,RB,Half-PPR,40.47
Emanuel Wilson,GB,RB,PPR,43.91
Payne Durham,TB,TE,Standard,32.97
Payne Durham,TB,TE,Half-PPR,40.09
Payne Durham,TB,TE,PPR,47.2
Harold Fannin Jr.,CLE,TE,Standard,28.43
Harold Fannin Jr.,CLE,TE,Half-PPR,40.07
Harold Fannin Jr.,CLE,TE,PPR,51.71
Samaje Perine,CIN,RB,Standard,31.38
Samaje Perine,CIN,RB,Half-PPR,39.94
Samaje Perine,CIN,RB,PPR,48.5
Van Jefferson,TEN,WR,Standard,30.75
Van Jefferson,TEN,WR,Half-PPR,39.8
Van Jefferson,TEN,WR,PPR,48.85
Isaac TeSlaa,DET,WR,Standard,30.85
Isaac TeSlaa,DET,WR,Half-PPR,38.75
Isaac TeSlaa,DET,WR,PPR,46.65
Cam Akers,NO,RB,Standard,35.73
Cam Akers,NO,RB,Half-PPR,38.7
Cam Akers,NO,RB,PPR,41.67
Tyler Johnson,NYJ,WR,Standard,28.37
Tyler Johnson,NYJ,WR,Half-PPR,38.37
Tyler Johnson,NYJ,WR,PPR,48.37
Skyy Moore,KC,WR,Standard,29.28
Skyy Moore,KC,WR,Half-PPR,38.35
Skyy Moore,KC,WR,PPR,47.42
Sterling Shepard,TB,WR,Standard,28.19
Sterling Shepard,TB,WR,Half-PPR,38.23
Sterling Shepard,TB,WR,PPR,48.26
Bub Means,NO,WR,Standard,29.45
Bub Means,NO,WR,Half-PPR,38.13
Bub Means,NO,WR,PPR,46.81
Tai Felton,MIN,WR,Standard,28.87
Tai Felton,MIN,WR,Half-PPR,37.9
Tai Felton,MIN,WR,PPR,46.92
Emari Demercado,ARI,RB,Standard,31.17
Emari Demercado,ARI,RB,Half-PPR,37.53
Emari Demercado,ARI,RB,PPR,43.89
Tahj Brooks,CIN,RB,Standard,33.76
Tahj Brooks,CIN,RB,Half-PPR,37.43
Tahj Brooks,CIN,RB,PPR,41.11
Kyle Juszczyk,SF,RB,Standard,29
Kyle Juszczyk,SF,RB,Half-PPR,37.39
Kyle Juszczyk,SF,RB,PPR,45.78
Alexander Mattison,MIA,RB,Standard,32.02
Alexander Mattison,MIA,RB,Half-PPR,37.39
Alexander Mattison,MIA,RB,PPR,42.76
Kenneth Gainwell,PIT,RB,Standard,31.68
Kenneth Gainwell,PIT,RB,Half-PPR,37.3
Kenneth Gainwell,PIT,RB,PPR,42.92
Josh Oliver,MIN,TE,Standard,28.52
Josh Oliver,MIN,TE,Half-PPR,37.26
Josh Oliver,MIN,TE,PPR,46
Chris Rodriguez Jr.,WAS,RB,Standard,35.38
Chris Rodriguez Jr.,WAS,RB,Half-PPR,37.1
Chris Rodriguez Jr.,WAS,RB,PPR,38.81
Brevin Jordan,HOU,TE,Standard,27.76
Brevin Jordan,HOU,TE,Half-PPR,37.04
Brevin Jordan,HOU,TE,PPR,46.33
JuJu Smith-Schuster,KC,WR,Standard,27.7
JuJu Smith-Schuster,KC,WR,Half-PPR,36.26
JuJu Smith-Schuster,KC,WR,PPR,44.82
Josh Whyle,TEN,TE,Standard,25.96
Josh Whyle,TEN,TE,Half-PPR,36.25
Josh Whyle,TEN,TE,PPR,46.54
David Moore,CAR,WR,Standard,27.23
David Moore,CAR,WR,Half-PPR,35.51
David Moore,CAR,WR,PPR,43.78
Sean Tucker,TB,RB,Standard,32.29
Sean Tucker,TB,RB,Half-PPR,35.48
Sean Tucker,TB,RB,PPR,38.67
Chimere Dike,TEN,WR,Standard,27.77
Chimere Dike,TEN,WR,Half-PPR,35.47
Chimere Dike,TEN,WR,PPR,43.17
Luke Schoonmaker,DAL,TE,Standard,25.52
Luke Schoonmaker,DAL,TE,Half-PPR,35.24
Luke Schoonmaker,DAL,TE,PPR,44.96
Olamide Zaccheaus,CHI,WR,Standard,26.56
Olamide Zaccheaus,CHI,WR,Half-PPR,35.22
Olamide Zaccheaus,CHI,WR,PPR,43.88
Jahan Dotson,PHI,WR,Standard,26.72
Jahan Dotson,PHI,WR,Half-PPR,35.14
Jahan Dotson,PHI,WR,PPR,43.56
Luke Musgrave,GB,TE,Standard,25.38
Luke Musgrave,GB,TE,Half-PPR,34.93
Luke Musgrave,GB,TE,PPR,44.48
Derius Davis,LAC,WR,Standard,27.45
Derius Davis,LAC,WR,Half-PPR,34.87
Derius Davis,LAC,WR,PPR,42.3
Colby Parkinson,LAR,TE,Standard,25.74
Colby Parkinson,LAR,TE,Half-PPR,34.79
Colby Parkinson,LAR,TE,PPR,43.84
Jeremy Ruckert,NYJ,TE,Standard,23.77
Jeremy Ruckert,NYJ,TE,Half-PPR,34.32
Jeremy Ruckert,NYJ,TE,PPR,44.87
A.T. Perry,DEN,WR,Standard,27.12
A.T. Perry,DEN,WR,Half-PPR,33.97
A.T. Perry,DEN,WR,PPR,40.82
Tank Dell,HOU,WR,Standard,26.07
Tank Dell,HOU,WR,Half-PPR,33.73
Tank Dell,HOU,WR,PPR,41.39
Nate Adkins,DEN,TE,Standard,27.44
Nate Adkins,DEN,TE,Half-PPR,33.68
Nate Adkins,DEN,TE,PPR,39.91
Grant Calcaterra,PHI,TE,Standard,24.75
Grant Calcaterra,PHI,TE,Half-PPR,33.58
Grant Calcaterra,PHI,TE,PPR,42.42
Jake Bobo,SEA,WR,Standard,24.61
Jake Bobo,SEA,WR,Half-PPR,33.47
Jake Bobo,SEA,WR,PPR,42.33
Daniel Bellinger,NYG,TE,Standard,24.21
Daniel Bellinger,NYG,TE,Half-PPR,33.37
Daniel Bellinger,NYG,TE,PPR,42.53
Malachi Corley,NYJ,WR,Standard,24.66
Malachi Corley,NYJ,WR,Half-PPR,33.21
Malachi Corley,NYJ,WR,PPR,41.76
Mo Alie-Cox,IND,TE,Standard,25.52
Mo Alie-Cox,IND,TE,Half-PPR,33.12
Mo Alie-Cox,IND,TE,PPR,40.72
Jalen Royals,KC,WR,Standard,25.69
Jalen Royals,KC,WR,Half-PPR,33.1
Jalen Royals,KC,WR,PPR,40.51
Drew Ogletree,IND,TE,Standard,26.08
Drew Ogletree,IND,TE,Half-PPR,33.03
Drew Ogletree,IND,TE,PPR,39.98
Jacory Croskey-Merritt,WAS,RB,Standard,30.42
Jacory Croskey-Merritt,WAS,RB,Half-PPR,33
Jacory Croskey-Merritt,WAS,RB,PPR,35.59
Ben Sinnott,WAS,TE,Standard,24.52
Ben Sinnott,WAS,TE,Half-PPR,32.71
Ben Sinnott,WAS,TE,PPR,40.9
Luke McCaffrey,WAS,WR,Standard,23.51
Luke McCaffrey,WAS,WR,Half-PPR,32.61
Luke McCaffrey,WAS,WR,PPR,41.71
Trevor Etienne,CAR,RB,Standard,28.31
Trevor Etienne,CAR,RB,Half-PPR,32.58
Trevor Etienne,CAR,RB,PPR,36.86
Tyler Goodson,IND,RB,Standard,27.82
Tyler Goodson,IND,RB,Half-PPR,32.34
Tyler Goodson,IND,RB,PPR,36.85
Ja'Lynn Polk,NE,WR,Standard,24.78
Ja'Lynn Polk,NE,WR,Half-PPR,32.33
Ja'Lynn Polk,NE,WR,PPR,39.88
Dameon Pierce,HOU,RB,Standard,28.01
Dameon Pierce,HOU,RB,Half-PPR,32.16
Dameon Pierce,HOU,RB,PPR,36.31
Jelani Woods,IND,TE,Standard,26.62
Jelani Woods,IND,TE,Half-PPR,31.88
Jelani Woods,IND,TE,PPR,37.12
Charlie Kolar,BAL,TE,Standard,25.9
Charlie Kolar,BAL,TE,Half-PPR,31.87
Charlie Kolar,BAL,TE,PPR,37.83
Tanner Hudson,CIN,TE,Standard,20.8
Tanner Hudson,CIN,TE,Half-PPR,31.86
Tanner Hudson,CIN,TE,PPR,42.93
K.J. Osborn,WAS,WR,Standard,24.13
K.J. Osborn,WAS,WR,Half-PPR,31.86
K.J. Osborn,WAS,WR,PPR,39.58
Darnell Washington,PIT,TE,Standard,23.05
Darnell Washington,PIT,TE,Half-PPR,31.78
Darnell Washington,PIT,TE,PPR,40.52
Elijah Higgins,ARI,TE,Standard,23.02
Elijah Higgins,ARI,TE,Half-PPR,31.14
Elijah Higgins,ARI,TE,PPR,39.26
Lucas Krull,DEN,TE,Standard,21.72
Lucas Krull,DEN,TE,Half-PPR,31.07
Lucas Krull,DEN,TE,PPR,40.42
Cedrick Wilson Jr.,NO,WR,Standard,23.36
Cedrick Wilson Jr.,NO,WR,Half-PPR,30.98
Cedrick Wilson Jr.,NO,WR,PPR,38.61
Anthony Miller,BAL,WR,Standard,23.44
Anthony Miller,BAL,WR,Half-PPR,30.61
Anthony Miller,BAL,WR,PPR,37.79
Devin Neal,NO,RB,Standard,27.69
Devin Neal,NO,RB,Half-PPR,30.31
Devin Neal,NO,RB,PPR,32.93
Malik Heath,GB,WR,Standard,22.73
Malik Heath,GB,WR,Half-PPR,30.28
Malik Heath,GB,WR,PPR,37.83
Michael Woods II,CLE,WR,Standard,22.04
Michael Woods II,CLE,WR,Half-PPR,30.08
Michael Woods II,CLE,WR,PPR,38.12
Ty Chandler,MIN,RB,Standard,26.21
Ty Chandler,MIN,RB,Half-PPR,30.01
Ty Chandler,MIN,RB,PPR,33.81
Isaiah Davis,NYJ,RB,Standard,26.56
Isaiah Davis,NYJ,RB,Half-PPR,29.88
Isaiah Davis,NYJ,RB,PPR,33.2
Adam Trautman,DEN,TE,Standard,23.47
Adam Trautman,DEN,TE,Half-PPR,29.8
Adam Trautman,DEN,TE,PPR,36.14
Xavier Hutchinson,HOU,WR,Standard,22.1
Xavier Hutchinson,HOU,WR,Half-PPR,29.63
Xavier Hutchinson,HOU,WR,PPR,37.16
Tory Horton,SEA,WR,Standard,22.19
Tory Horton,SEA,WR,Half-PPR,29.51
Tory Horton,SEA,WR,PPR,36.83
Kalif Raymond,DET,WR,Standard,22.77
Kalif Raymond,DET,WR,Half-PPR,29.44
Kalif Raymond,DET,WR,PPR,36.11
DJ Giddens,IND,RB,Standard,26.36
DJ Giddens,IND,RB,Half-PPR,29.29
DJ Giddens,IND,RB,PPR,32.23
Connor Heyward,PIT,TE,Standard,21.22
Connor Heyward,PIT,TE,Half-PPR,29.21
Connor Heyward,PIT,TE,PPR,37.19
Zay Jones,ARI,WR,Standard,21.47
Zay Jones,ARI,WR,Half-PPR,29.11
Zay Jones,ARI,WR,PPR,36.75
Drew Sample,CIN,TE,Standard,19.79
Drew Sample,CIN,TE,Half-PPR,28.97
Drew Sample,CIN,TE,PPR,38.15
Michael Carter,ARI,RB,Standard,22.69
Michael Carter,ARI,RB,Half-PPR,28.87
Michael Carter,ARI,RB,PPR,35.04
Jalen Milroe,SEA,QB,Standard,28.78
Jalen Milroe,SEA,QB,Half-PPR,28.78
Jalen Milroe,SEA,QB,PPR,28.78
Jeremy McNichols,WAS,RB,Standard,26.76
Jeremy McNichols,WAS,RB,Half-PPR,28.66
Jeremy McNichols,WAS,RB,PPR,30.56
Kyle Monangai,CHI,RB,Standard,26.2
Kyle Monangai,CHI,RB,Half-PPR,28.65
Kyle Monangai,CHI,RB,PPR,31.1
Marcus Mariota,WAS,QB,Standard,28.55
Marcus Mariota,WAS,QB,Half-PPR,28.55
Marcus Mariota,WAS,QB,PPR,28.55
KhaDarel Hodge,ATL,WR,Standard,22.49
KhaDarel Hodge,ATL,WR,Half-PPR,28.31
KhaDarel Hodge,ATL,WR,PPR,34.13
Irvin Charles,NYJ,WR,Standard,21.31
Irvin Charles,NYJ,WR,Half-PPR,28.16
Irvin Charles,NYJ,WR,PPR,35.01
Jake Browning,CIN,QB,Standard,28.11
Jake Browning,CIN,QB,Half-PPR,28.11
Jake Browning,CIN,QB,PPR,28.11
John Metchie III,HOU,WR,Standard,19.83
John Metchie III,HOU,WR,Half-PPR,28.1
John Metchie III,HOU,WR,PPR,36.36
Mason Rudolph,PIT,QB,Standard,27.79
Mason Rudolph,PIT,QB,Half-PPR,27.79
Mason Rudolph,PIT,QB,PPR,27.79
Jameis Winston,NYG,QB,Standard,27.62
Jameis Winston,NYG,QB,Half-PPR,27.62
Jameis Winston,NYG,QB,PPR,27.62
Ollie Gordon II,MIA,RB,Standard,25.09
Ollie Gordon II,MIA,RB,Half-PPR,27.6
Ollie Gordon II,MIA,RB,PPR,30.11
Cade Stover,HOU,TE,Standard,19.7
Cade Stover,HOU,TE,Half-PPR,27.38
Cade Stover,HOU,TE,PPR,35.06
Johnny Mundt,JAC,TE,Standard,19.5
Johnny Mundt,JAC,TE,Half-PPR,27.13
Johnny Mundt,JAC,TE,PPR,34.77
Sincere McCormick,LV,RB,Standard,23.42
Sincere McCormick,LV,RB,Half-PPR,26.92
Sincere McCormick,LV,RB,PPR,30.42
Tip Reiman,ARI,TE,Standard,19.41
Tip Reiman,ARI,TE,Half-PPR,26.76
Tip Reiman,ARI,TE,PPR,34.11
Julian Hill,MIA,TE,Standard,18.35
Julian Hill,MIA,TE,Half-PPR,26.75
Julian Hill,MIA,TE,PPR,35.15
Jordan James,SF,RB,Standard,24.65
Jordan James,SF,RB,Half-PPR,26.72
Jordan James,SF,RB,PPR,28.78
Ben Skowronek,PIT,WR,Standard,20.11
Ben Skowronek,PIT,WR,Half-PPR,26.18
Ben Skowronek,PIT,WR,PPR,32.24
Tyrod Taylor,NYJ,QB,Standard,26.16
Tyrod Taylor,NYJ,QB,Half-PPR,26.16
Tyrod Taylor,NYJ,QB,PPR,26.16
Amar Johnson,GB,RB,Standard,25.1
Amar Johnson,GB,RB,Half-PPR,26.1
Amar Johnson,GB,RB,PPR,27.1
Aidan O'Connell,LV,QB,Standard,25.49
Aidan O'Connell,LV,QB,Half-PPR,25.49
Aidan O'Connell,LV,QB,PPR,25.49
Xavier Restrepo,TEN,WR,Standard,19.4
Xavier Restrepo,TEN,WR,Half-PPR,25.4
Xavier Restrepo,TEN,WR,PPR,31.4
Stone Smartt,NYJ,TE,Standard,18.51
Stone Smartt,NYJ,TE,Half-PPR,25.35
Stone Smartt,NYJ,TE,PPR,32.19
Savion Williams,GB,WR,Standard,20.46
Savion Williams,GB,WR,Half-PPR,25.34
Savion Williams,GB,WR,PPR,30.23
Lil'Jordan Humphrey,NYG,WR,Standard,17.97
Lil'Jordan Humphrey,NYG,WR,Half-PPR,25.17
Lil'Jordan Humphrey,NYG,WR,PPR,32.37
Malik Willis,GB,QB,Standard,25
Malik Willis,GB,QB,Half-PPR,25
Malik Willis,GB,QB,PPR,25
Damien Martinez,SEA,RB,Standard,22.05
Damien Martinez,SEA,RB,Half-PPR,24.55
Damien Martinez,SEA,RB,PPR,27.05
Cooper Rush,BAL,QB,Standard,24.15
Cooper Rush,BAL,QB,Half-PPR,24.15
Cooper Rush,BAL,QB,PPR,24.15
Jake Briningstool,KC,TE,Standard,18.1
Jake Briningstool,KC,TE,Half-PPR,24.1
Jake Briningstool,KC,TE,PPR,30.1
Gunnar Helm,TEN,TE,Standard,17.2
Gunnar Helm,TEN,TE,Half-PPR,23.96
Gunnar Helm,TEN,TE,PPR,30.72
DJ Chark Jr.,ATL,WR,Standard,18.92
DJ Chark Jr.,ATL,WR,Half-PPR,23.77
DJ Chark Jr.,ATL,WR,PPR,28.62
Tanner McKee,PHI,QB,Standard,23.59
Tanner McKee,PHI,QB,Half-PPR,23.59
Tanner McKee,PHI,QB,PPR,23.59
Dare Ogunbowale,HOU,RB,Standard,17.99
Dare Ogunbowale,HOU,RB,Half-PPR,23.57
Dare Ogunbowale,HOU,RB,PPR,29.15
Davis Mills,HOU,QB,Standard,23.3
Davis Mills,HOU,QB,Half-PPR,23.3
Davis Mills,HOU,QB,PPR,23.3
Jalin Hyatt,NYG,WR,Standard,17.33
Jalin Hyatt,NYG,WR,Half-PPR,23.12
Jalin Hyatt,NYG,WR,PPR,28.91
Charlie Woerner,ATL,TE,Standard,15.66
Charlie Woerner,ATL,TE,Half-PPR,22.98
Charlie Woerner,ATL,TE,PPR,30.31
Quez Watkins,ARI,WR,Standard,17.57
Quez Watkins,ARI,WR,Half-PPR,22.92
Quez Watkins,ARI,WR,PPR,28.27
Oronde Gadsden II,LAC,TE,Standard,16.46
Oronde Gadsden II,LAC,TE,Half-PPR,22.89
Oronde Gadsden II,LAC,TE,PPR,29.33
Erik Ezukanma,MIA,WR,Standard,17.36
Erik Ezukanma,MIA,WR,Half-PPR,22.81
Erik Ezukanma,MIA,WR,PPR,28.26
Hunter Renfrow,CAR,WR,Standard,15.96
Hunter Renfrow,CAR,WR,Half-PPR,22.65
Hunter Renfrow,CAR,WR,PPR,29.33
Brashard Smith,KC,RB,Standard,18.97
Brashard Smith,KC,RB,Half-PPR,22.58
Brashard Smith,KC,RB,PPR,26.2
Pierre Strong Jr.,CLE,RB,Standard,17.78
Pierre Strong Jr.,CLE,RB,Half-PPR,22.48
Pierre Strong Jr.,CLE,RB,PPR,27.18
Kalel Mullings,TEN,RB,Standard,20.73
Kalel Mullings,TEN,RB,Half-PPR,22.48
Kalel Mullings,TEN,RB,PPR,24.23
Gardner Minshew II,KC,QB,Standard,22.45
Gardner Minshew II,KC,QB,Half-PPR,22.45
Gardner Minshew II,KC,QB,PPR,22.45
Tez Johnson,TB,WR,Standard,17.39
Tez Johnson,TB,WR,Half-PPR,22.41
Tez Johnson,TB,WR,PPR,27.44
Sam Howell,MIN,QB,Standard,22.32
Sam Howell,MIN,QB,Half-PPR,22.32
Sam Howell,MIN,QB,PPR,22.32
Montrell Johnson Jr.,PHI,RB,Standard,20.8
Montrell Johnson Jr.,PHI,RB,Half-PPR,22.3
Montrell Johnson Jr.,PHI,RB,PPR,23.8
Lawrence Cager,WAS,TE,Standard,17.55
Lawrence Cager,WAS,TE,Half-PPR,21.68
Lawrence Cager,WAS,TE,PPR,25.8
Hassan Haskins,LAC,RB,Standard,20.65
Hassan Haskins,LAC,RB,Half-PPR,21.64
Hassan Haskins,LAC,RB,PPR,22.62
Ben Yurosek,MIN,TE,Standard,16.1
Ben Yurosek,MIN,TE,Half-PPR,21.6
Ben Yurosek,MIN,TE,PPR,27.1
Kimani Vidal,LAC,RB,Standard,19.08
Kimani Vidal,LAC,RB,Half-PPR,21.31
Kimani Vidal,LAC,RB,PPR,23.55
Michael Burton,DEN,RB,Standard,16.74
Michael Burton,DEN,RB,Half-PPR,21.16
Michael Burton,DEN,RB,PPR,25.57
Jalen Brooks,DAL,WR,Standard,15.98
Jalen Brooks,DAL,WR,Half-PPR,21.16
Jalen Brooks,DAL,WR,PPR,26.34
Hunter Long,JAC,TE,Standard,14.37
Hunter Long,JAC,TE,Half-PPR,21.15
Hunter Long,JAC,TE,PPR,27.94
Jacoby Brissett,ARI,QB,Standard,20.91
Jacoby Brissett,ARI,QB,Half-PPR,20.91
Jacoby Brissett,ARI,QB,PPR,20.91
Devin Culp,TB,TE,Standard,15.98
Devin Culp,TB,TE,Half-PPR,20.8
Devin Culp,TB,TE,PPR,25.62
Simi Fehoko,ARI,WR,Standard,16.02
Simi Fehoko,ARI,WR,Half-PPR,20.72
Simi Fehoko,ARI,WR,PPR,25.42
Carson Steele,KC,RB,Standard,17.01
Carson Steele,KC,RB,Half-PPR,20.71
Carson Steele,KC,RB,PPR,24.41
Tylan Wallace,BAL,WR,Standard,15.84
Tylan Wallace,BAL,WR,Half-PPR,20.59
Tylan Wallace,BAL,WR,PPR,25.34
Joshua Dobbs,NE,QB,Standard,20.53
Joshua Dobbs,NE,QB,Half-PPR,20.53
Joshua Dobbs,NE,QB,PPR,20.53
Giovanni Ricci,MIN,TE,Standard,14.4
Giovanni Ricci,MIN,TE,Half-PPR,20.4
Giovanni Ricci,MIN,TE,PPR,26.4
Arian Smith,NYJ,WR,Standard,15.32
Arian Smith,NYJ,WR,Half-PPR,20.23
Arian Smith,NYJ,WR,PPR,25.12
Tanner McLachlan,CIN,TE,Standard,13.75
Tanner McLachlan,CIN,TE,Half-PPR,19.98
Tanner McLachlan,CIN,TE,PPR,26.22
Luke Farrell,SF,TE,Standard,14.07
Luke Farrell,SF,TE,Half-PPR,19.83
Luke Farrell,SF,TE,PPR,25.6
Parris Campbell,DAL,WR,Standard,14.1
Parris Campbell,DAL,WR,Half-PPR,19.6
Parris Campbell,DAL,WR,PPR,25.1
Mitchell Trubisky,BUF,QB,Standard,19.45
Mitchell Trubisky,BUF,QB,Half-PPR,19.45
Mitchell Trubisky,BUF,QB,PPR,19.45
A.J. Dillon,PHI,RB,Standard,18.2
A.J. Dillon,PHI,RB,Half-PPR,19.32
A.J. Dillon,PHI,RB,PPR,20.45
Nick Nash,ATL,WR,Standard,13.3
Nick Nash,ATL,WR,Half-PPR,19.3
Nick Nash,ATL,WR,PPR,25.3
Alec Ingold,MIA,RB,Standard,14.2
Alec Ingold,MIA,RB,Half-PPR,19.07
Alec Ingold,MIA,RB,PPR,23.95
Jackson Hawes,BUF,TE,Standard,14.47
Jackson Hawes,BUF,TE,Half-PPR,18.88
Jackson Hawes,BUF,TE,PPR,23.27
Cam Grandy,CIN,TE,Standard,13.61
Cam Grandy,CIN,TE,Half-PPR,18.86
Cam Grandy,CIN,TE,PPR,24.11
DeAndre Carter,CLE,WR,Standard,13.89
DeAndre Carter,CLE,WR,Half-PPR,18.84
DeAndre Carter,CLE,WR,PPR,23.79
Brevyn Spann-Ford,DAL,TE,Standard,13.55
Brevyn Spann-Ford,DAL,TE,Half-PPR,18.77
Brevyn Spann-Ford,DAL,TE,PPR,23.98
Jaylin Lane,WAS,WR,Standard,13.95
Jaylin Lane,WAS,WR,Half-PPR,18.5
Jaylin Lane,WAS,WR,PPR,23.05
Patrick Taylor Jr.,SF,RB,Standard,16.42
Patrick Taylor Jr.,SF,RB,Half-PPR,18.45
Patrick Taylor Jr.,SF,RB,PPR,20.48
Ainias Smith,PHI,WR,Standard,13.62
Ainias Smith,PHI,WR,Half-PPR,18.31
Ainias Smith,PHI,WR,PPR,22.99
Trey Palmer,TB,WR,Standard,14.04
Trey Palmer,TB,WR,Half-PPR,17.86
Trey Palmer,TB,WR,PPR,21.69
Pharaoh Brown,MIA,TE,Standard,11.94
Pharaoh Brown,MIA,TE,Half-PPR,17.66
Pharaoh Brown,MIA,TE,PPR,23.39
Craig Reynolds,DET,RB,Standard,15.25
Craig Reynolds,DET,RB,Half-PPR,17.58
Craig Reynolds,DET,RB,PPR,19.91
Kylen Granson,PHI,TE,Standard,12.52
Kylen Granson,PHI,TE,Half-PPR,17.57
Kylen Granson,PHI,TE,PPR,22.62
Bo Melton,GB,WR,Standard,13.44
Bo Melton,GB,WR,Half-PPR,17.52
Bo Melton,GB,WR,PPR,21.6
C.J. Ham,MIN,RB,Standard,13.38
C.J. Ham,MIN,RB,Half-PPR,17.45
C.J. Ham,MIN,RB,PPR,21.51
Taylor Heinicke,LAC,QB,Standard,17.43
Taylor Heinicke,LAC,QB,Half-PPR,17.43
Taylor Heinicke,LAC,QB,PPR,17.43
Clyde Edwards-Helaire,NO,RB,Standard,16.01
Clyde Edwards-Helaire,NO,RB,Half-PPR,17.41
Clyde Edwards-Helaire,NO,RB,PPR,18.81
Ross Dwelley,SF,TE,Standard,14.1
Ross Dwelley,SF,TE,Half-PPR,17.1
Ross Dwelley,SF,TE,PPR,20.1
Luke Lachey,HOU,TE,Standard,12.97
Luke Lachey,HOU,TE,Half-PPR,17.1
Luke Lachey,HOU,TE,PPR,21.23
Will Mallory,IND,TE,Standard,13.21
Will Mallory,IND,TE,Half-PPR,16.99
Will Mallory,IND,TE,PPR,20.76
Chris Brooks,GB,RB,Standard,14.97
Chris Brooks,GB,RB,Half-PPR,16.93
Chris Brooks,GB,RB,PPR,18.89
Mac Jones,SF,QB,Standard,16.86
Mac Jones,SF,QB,Half-PPR,16.86
Mac Jones,SF,QB,PPR,16.86
Kenny McIntosh,SEA,RB,Standard,14.83
Kenny McIntosh,SEA,RB,Half-PPR,16.86
Kenny McIntosh,SEA,RB,PPR,18.9
Nick Mullens,JAC,QB,Standard,16.76
Nick Mullens,JAC,QB,Half-PPR,16.76
Nick Mullens,JAC,QB,PPR,16.76
Erick All Jr.,CIN,TE,Standard,10.38
Erick All Jr.,CIN,TE,Half-PPR,16.48
Erick All Jr.,CIN,TE,PPR,22.59
Ronnie Rivers,LAR,RB,Standard,14.58
Ronnie Rivers,LAR,RB,Half-PPR,16.43
Ronnie Rivers,LAR,RB,PPR,18.28
John Bates,WAS,TE,Standard,10.7
John Bates,WAS,TE,Half-PPR,16.17
John Bates,WAS,TE,PPR,21.64
Brayden Willis,SF,TE,Standard,12.53
Brayden Willis,SF,TE,Half-PPR,15.9
Brayden Willis,SF,TE,PPR,19.27
Tim Jones,MIN,WR,Standard,12.35
Tim Jones,MIN,WR,Half-PPR,15.85
Tim Jones,MIN,WR,PPR,19.35
Rakim Jarrett,TB,WR,Standard,11.6
Rakim Jarrett,TB,WR,Half-PPR,15.8
Rakim Jarrett,TB,WR,PPR,20
Raheem Blackshear,CAR,RB,Standard,12.88
Raheem Blackshear,CAR,RB,Half-PPR,15.4
Raheem Blackshear,CAR,RB,PPR,17.93
Eric Saubert,SEA,TE,Standard,10.67
Eric Saubert,SEA,TE,Half-PPR,15.32
Eric Saubert,SEA,TE,PPR,19.97
Gavin Bartholomew,MIN,TE,Standard,11.37
Gavin Bartholomew,MIN,TE,Half-PPR,15.3
Gavin Bartholomew,MIN,TE,PPR,19.23
Trey Sermon,PIT,RB,Standard,13.04
Trey Sermon,PIT,RB,Half-PPR,15.2
Trey Sermon,PIT,RB,PPR,17.34
Jonathan Mingo,DAL,WR,Standard,10.93
Jonathan Mingo,DAL,WR,Half-PPR,15.18
Jonathan Mingo,DAL,WR,PPR,19.43
David Bell,CLE,WR,Standard,11.38
David Bell,CLE,WR,Half-PPR,15.15
David Bell,CLE,WR,PPR,18.92
Michael Gallup,WAS,WR,Standard,11.39
Michael Gallup,WAS,WR,Half-PPR,15.02
Michael Gallup,WAS,WR,PPR,18.64
Tyson Bagent,CHI,QB,Standard,14.8
Tyson Bagent,CHI,QB,Half-PPR,14.8
Tyson Bagent,CHI,QB,PPR,14.8
Teagan Quitoriano,ATL,TE,Standard,11.98
Teagan Quitoriano,ATL,TE,Half-PPR,14.73
Teagan Quitoriano,ATL,TE,PPR,17.48
Andy Dalton,CAR,QB,Standard,14.52
Andy Dalton,CAR,QB,Half-PPR,14.52
Andy Dalton,CAR,QB,PPR,14.52
Dareke Young,SEA,WR,Standard,11
Dareke Young,SEA,WR,Half-PPR,14.4
Dareke Young,SEA,WR,PPR,17.8
Cody White,SEA,WR,Standard,10.99
Cody White,SEA,WR,Half-PPR,14.39
Cody White,SEA,WR,PPR,17.79
Greg Dulcich,NYG,TE,Standard,10.8
Greg Dulcich,NYG,TE,Half-PPR,14.3
Greg Dulcich,NYG,TE,PPR,17.8
Zach Wilson,MIA,QB,Standard,14.09
Zach Wilson,MIA,QB,Half-PPR,14.09
Zach Wilson,MIA,QB,PPR,14.09
Jared Wiley,KC,TE,Standard,10.27
Jared Wiley,KC,TE,Half-PPR,14.07
Jared Wiley,KC,TE,PPR,17.87
Jha'Quan Jackson,TEN,WR,Standard,10.57
Jha'Quan Jackson,TEN,WR,Half-PPR,14.07
Jha'Quan Jackson,TEN,WR,PPR,17.57
Devontez Walker,BAL,WR,Standard,11.49
Devontez Walker,BAL,WR,Half-PPR,13.98
Devontez Walker,BAL,WR,PPR,16.46
Blake Whiteheart,CLE,TE,Standard,10.1
Blake Whiteheart,CLE,TE,Half-PPR,13.5
Blake Whiteheart,CLE,TE,PPR,16.9
Israel Abanikanda,GB,RB,Standard,12.59
Israel Abanikanda,GB,RB,Half-PPR,13.34
Israel Abanikanda,GB,RB,PPR,14.09
Hunter Luepke,DAL,RB,Standard,9.66
Hunter Luepke,DAL,RB,Half-PPR,13.21
Hunter Luepke,DAL,RB,PPR,16.76
Joe Milton III,DAL,QB,Standard,13.14
Joe Milton III,DAL,QB,Half-PPR,13.14
Joe Milton III,DAL,QB,PPR,13.14
Justin Watson,HOU,WR,Standard,9.66
Justin Watson,HOU,WR,Half-PPR,12.51
Justin Watson,HOU,WR,PPR,15.36
Maurice Alexander,CHI,WR,Standard,9.27
Maurice Alexander,CHI,WR,Half-PPR,12.42
Maurice Alexander,CHI,WR,PPR,15.57
Samori Toure,CHI,WR,Standard,9.22
Samori Toure,CHI,WR,Half-PPR,12.32
Samori Toure,CHI,WR,PPR,15.42
Xavier Weaver,ARI,WR,Standard,9.15
Xavier Weaver,ARI,WR,Half-PPR,11.75
Xavier Weaver,ARI,WR,PPR,14.35
Tanner Conner,MIA,TE,Standard,8.38
Tanner Conner,MIA,TE,Half-PPR,11.73
Tanner Conner,MIA,TE,PPR,15.08
Charlie Jones,CIN,WR,Standard,8.48
Charlie Jones,CIN,WR,Half-PPR,11.71
Charlie Jones,CIN,WR,PPR,14.93
LeQuint Allen Jr.,JAC,RB,Standard,10.25
LeQuint Allen Jr.,JAC,RB,Half-PPR,11.5
LeQuint Allen Jr.,JAC,RB,PPR,12.75
Davis Allen,LAR,TE,Standard,7.72
Davis Allen,LAR,TE,Half-PPR,11.46
Davis Allen,LAR,TE,PPR,15.21
Ian Thomas,LV,TE,Standard,8.03
Ian Thomas,LV,TE,Half-PPR,11.35
Ian Thomas,LV,TE,PPR,14.66
Hendon Hooker,DET,QB,Standard,11.31
Hendon Hooker,DET,QB,Half-PPR,11.31
Hendon Hooker,DET,QB,PPR,11.31
Travis Vokolek,ARI,TE,Standard,8.55
Travis Vokolek,ARI,TE,Half-PPR,11.3
Travis Vokolek,ARI,TE,PPR,14.05
Jordan Mims,TEN,RB,Standard,10.01
Jordan Mims,TEN,RB,Half-PPR,11.01
Jordan Mims,TEN,RB,PPR,12.01
Thomas Fidone II,NYG,TE,Standard,8.05
Thomas Fidone II,NYG,TE,Half-PPR,10.8
Thomas Fidone II,NYG,TE,PPR,13.55
Jimmy Garoppolo,LAR,QB,Standard,10.76
Jimmy Garoppolo,LAR,QB,Half-PPR,10.76
Jimmy Garoppolo,LAR,QB,PPR,10.76
Quintin Morris,JAC,TE,Standard,8.03
Quintin Morris,JAC,TE,Half-PPR,10.68
Quintin Morris,JAC,TE,PPR,13.33
Chris Manhertz,NYG,TE,Standard,7.98
Chris Manhertz,NYG,TE,Half-PPR,10.56
Chris Manhertz,NYG,TE,PPR,13.15
Javon Baker,NE,WR,Standard,8.5
Javon Baker,NE,WR,Half-PPR,10.5
Javon Baker,NE,WR,PPR,12.5
Johnny Wilson,PHI,WR,Standard,7.54
Johnny Wilson,PHI,WR,Half-PPR,10.39
Johnny Wilson,PHI,WR,PPR,13.24
Jaheim Bell,NE,TE,Standard,6.8
Jaheim Bell,NE,TE,Half-PPR,10.18
Jaheim Bell,NE,TE,PPR,13.55
Dante Pettis,NO,WR,Standard,7.42
Dante Pettis,NO,WR,Half-PPR,9.9
Dante Pettis,NO,WR,PPR,12.38
Mecole Hardman Jr.,GB,WR,Standard,7.44
Mecole Hardman Jr.,GB,WR,Half-PPR,9.74
Mecole Hardman Jr.,GB,WR,PPR,12.04
Rasheen Ali,BAL,RB,Standard,9.08
Rasheen Ali,BAL,RB,Half-PPR,9.68
Rasheen Ali,BAL,RB,PPR,10.28
Deuce Vaughn,DAL,RB,Standard,7.36
Deuce Vaughn,DAL,RB,Half-PPR,9.44
Deuce Vaughn,DAL,RB,PPR,11.52
Durham Smythe,CHI,TE,Standard,5.91
Durham Smythe,CHI,TE,Half-PPR,9.26
Durham Smythe,CHI,TE,PPR,12.61
Kenny Yeboah,DET,TE,Standard,6.78
Kenny Yeboah,DET,TE,Half-PPR,9.23
Kenny Yeboah,DET,TE,PPR,11.68
Travis Homer,CHI,RB,Standard,7.98
Travis Homer,CHI,RB,Half-PPR,9.19
Travis Homer,CHI,RB,PPR,10.38
Ashton Dulin,IND,WR,Standard,7.66
Ashton Dulin,IND,WR,Half-PPR,9.08
Ashton Dulin,IND,WR,PPR,10.51
Tyler Scott,CHI,WR,Standard,6.02
Tyler Scott,CHI,WR,Half-PPR,8.94
Tyler Scott,CHI,WR,PPR,11.86
Mitchell Evans,CAR,TE,Standard,6.34
Mitchell Evans,CAR,TE,Half-PPR,8.84
Mitchell Evans,CAR,TE,PPR,11.34
Josh Johnson,WAS,QB,Standard,8.8
Josh Johnson,WAS,QB,Half-PPR,8.8
Josh Johnson,WAS,QB,PPR,8.8
Trent Sherfield Sr.,DEN,WR,Standard,6.72
Trent Sherfield Sr.,DEN,WR,Half-PPR,8.65
Trent Sherfield Sr.,DEN,WR,PPR,10.57
Patrick Ricard,BAL,RB,Standard,6.76
Patrick Ricard,BAL,RB,Half-PPR,8.61
Patrick Ricard,BAL,RB,PPR,10.46
Frank Gore Jr.,BUF,RB,Standard,7.57
Frank Gore Jr.,BUF,RB,Half-PPR,8.52
Frank Gore Jr.,BUF,RB,PPR,9.47
Jacob Cowing,SF,WR,Standard,6.7
Jacob Cowing,SF,WR,Half-PPR,8.46
Jacob Cowing,SF,WR,PPR,10.2
Jarrett Stidham,DEN,QB,Standard,8.31
Jarrett Stidham,DEN,QB,Half-PPR,8.31
Jarrett Stidham,DEN,QB,PPR,8.31
Case Keenum,CHI,QB,Standard,8.25
Case Keenum,CHI,QB,Half-PPR,8.25
Case Keenum,CHI,QB,PPR,8.25
Gary Brightwell,CIN,RB,Standard,6.88
Gary Brightwell,CIN,RB,Half-PPR,8.08
Gary Brightwell,CIN,RB,PPR,9.28
Eric Gray,NYG,RB,Standard,6.01
Eric Gray,NYG,RB,Half-PPR,8.04
Eric Gray,NYG,RB,PPR,10.06
Kendric Pryor,CIN,WR,Standard,6.04
Kendric Pryor,CIN,WR,Half-PPR,7.99
Kendric Pryor,CIN,WR,PPR,9.94
Jamal Agnew,ATL,WR,Standard,5.8
Jamal Agnew,ATL,WR,Half-PPR,7.9
Jamal Agnew,ATL,WR,PPR,10
Brandon Allen,TEN,QB,Standard,7.86
Brandon Allen,TEN,QB,Half-PPR,7.86
Brandon Allen,TEN,QB,PPR,7.86
Devin Duvernay,CHI,WR,Standard,4.62
Devin Duvernay,CHI,WR,Half-PPR,7.82
Devin Duvernay,CHI,WR,PPR,11.02
Trishton Jackson,ARI,WR,Standard,5.87
Trishton Jackson,ARI,WR,Half-PPR,7.62
Trishton Jackson,ARI,WR,PPR,9.37
Tucker Fisk,LAC,TE,Standard,5.08
Tucker Fisk,LAC,TE,Half-PPR,7.62
Tucker Fisk,LAC,TE,PPR,10.18
Scotty Miller,PIT,WR,Standard,5.6
Scotty Miller,PIT,WR,Half-PPR,7.61
Scotty Miller,PIT,WR,PPR,9.63
Quinn Ewers,MIA,QB,Standard,7.46
Quinn Ewers,MIA,QB,Half-PPR,7.46
Quinn Ewers,MIA,QB,PPR,7.46
Jashaun Corbin,ATL,RB,Standard,6.42
Jashaun Corbin,ATL,RB,Half-PPR,7.44
Jashaun Corbin,ATL,RB,PPR,8.47
Harrison Bryant,PHI,TE,Standard,5.38
Harrison Bryant,PHI,TE,Half-PPR,7.38
Harrison Bryant,PHI,TE,PPR,9.38
Julius Chestnut,TEN,RB,Standard,6.23
Julius Chestnut,TEN,RB,Half-PPR,7.35
Julius Chestnut,TEN,RB,PPR,8.48
Cam Miller,LV,QB,Standard,7.25
Cam Miller,LV,QB,Half-PPR,7.25
Cam Miller,LV,QB,PPR,7.25
Graham Mertz,HOU,QB,Standard,7.2
Graham Mertz,HOU,QB,Half-PPR,7.2
Graham Mertz,HOU,QB,PPR,7.2
Irv Smith Jr.,HOU,TE,Standard,5.18
Irv Smith Jr.,HOU,TE,Half-PPR,7.18
Irv Smith Jr.,HOU,TE,PPR,9.18
Jordan Watkins,SF,WR,Standard,5.87
Jordan Watkins,SF,WR,Half-PPR,7.17
Jordan Watkins,SF,WR,PPR,8.47
Kyle McCord,PHI,QB,Standard,7.14
Kyle McCord,PHI,QB,Half-PPR,7.14
Kyle McCord,PHI,QB,PPR,7.14
Xavier Smith,LAR,WR,Standard,5.1
Xavier Smith,LAR,WR,Half-PPR,7.07
Xavier Smith,LAR,WR,PPR,9.05
Will Howard,PIT,QB,Standard,7.02
Will Howard,PIT,QB,Half-PPR,7.02
Will Howard,PIT,QB,PPR,7.02
Drew Lock,SEA,QB,Standard,6.91
Drew Lock,SEA,QB,Half-PPR,6.91
Drew Lock,SEA,QB,PPR,6.91
Kelvin Harmon,DAL,WR,Standard,5.16
Kelvin Harmon,DAL,WR,Half-PPR,6.91
Kelvin Harmon,DAL,WR,PPR,8.66
Chris Blair,ATL,WR,Standard,5.33
Chris Blair,ATL,WR,Half-PPR,6.88
Chris Blair,ATL,WR,PPR,8.43
DeeJay Dallas,ARI,RB,Standard,5.56
DeeJay Dallas,ARI,RB,Half-PPR,6.86
DeeJay Dallas,ARI,RB,PPR,8.16
Tommy Mellott,LV,WR,Standard,5.46
Tommy Mellott,LV,WR,Half-PPR,6.74
Tommy Mellott,LV,WR,PPR,8.02
Dominique Dafney,CAR,TE,Standard,4.73
Dominique Dafney,CAR,TE,Half-PPR,6.53
Dominique Dafney,CAR,TE,PPR,8.33
Zach Pascal,NYG,WR,Standard,5.02
Zach Pascal,NYG,WR,Half-PPR,6.52
Zach Pascal,NYG,WR,PPR,8.02
Ihmir Smith-Marsette,NYG,WR,Standard,4.71
Ihmir Smith-Marsette,NYG,WR,Half-PPR,6.44
Ihmir Smith-Marsette,NYG,WR,PPR,8.18
Miles Boykin,CHI,WR,Standard,4.81
Miles Boykin,CHI,WR,Half-PPR,6.41
Miles Boykin,CHI,WR,PPR,8.01
Stetson Bennett IV,LAR,QB,Standard,6.24
Stetson Bennett IV,LAR,QB,Half-PPR,6.24
Stetson Bennett IV,LAR,QB,PPR,6.24
Riley Leonard,IND,QB,Standard,6.12
Riley Leonard,IND,QB,Half-PPR,6.12
Riley Leonard,IND,QB,PPR,6.12
J.J. Taylor,HOU,RB,Standard,4.01
J.J. Taylor,HOU,RB,Half-PPR,6.11
J.J. Taylor,HOU,RB,PPR,8.21
Brycen Tremayne,CAR,WR,Standard,4.57
Brycen Tremayne,CAR,WR,Half-PPR,6.07
Brycen Tremayne,CAR,WR,PPR,7.57
Feleipe Franks,ATL,TE,Standard,3.99
Feleipe Franks,ATL,TE,Half-PPR,5.98
Feleipe Franks,ATL,TE,PPR,7.98
Desmond Ridder,CIN,QB,Standard,5.78
Desmond Ridder,CIN,QB,Half-PPR,5.78
Desmond Ridder,CIN,QB,PPR,5.78
Scott Matlock,LAC,RB,Standard,3.52
Scott Matlock,LAC,RB,Half-PPR,5.67
Scott Matlock,LAC,RB,PPR,7.82
Britain Covey,LAR,WR,Standard,4.67
Britain Covey,LAR,WR,Half-PPR,5.57
Britain Covey,LAR,WR,PPR,6.47
Jake Haener,NO,QB,Standard,5.56
Jake Haener,NO,QB,Half-PPR,5.56
Jake Haener,NO,QB,PPR,5.56
Sione Vaki,DET,RB,Standard,4.53
Sione Vaki,DET,RB,Half-PPR,5.5
Sione Vaki,DET,RB,PPR,6.48
Dee Eskridge,MIA,WR,Standard,4.04
Dee Eskridge,MIA,WR,Half-PPR,5.48
Dee Eskridge,MIA,WR,PPR,6.94
KeAndre Lambert-Smith,LAC,WR,Standard,3.32
KeAndre Lambert-Smith,LAC,WR,Half-PPR,5.17
KeAndre Lambert-Smith,LAC,WR,PPR,7.02
Troy Hairston II,CLE,RB,Standard,3.97
Troy Hairston II,CLE,RB,Half-PPR,5.12
Troy Hairston II,CLE,RB,PPR,6.27
Xavier Gipson,NYJ,WR,Standard,3.18
Xavier Gipson,NYJ,WR,Half-PPR,5.03
Xavier Gipson,NYJ,WR,PPR,6.88
Austin Trammell,JAC,WR,Standard,3.7
Austin Trammell,JAC,WR,Half-PPR,4.95
Austin Trammell,JAC,WR,PPR,6.2
Trey Lance,LAC,QB,Standard,4.89
Trey Lance,LAC,QB,Half-PPR,4.89
Trey Lance,LAC,QB,PPR,4.89
Zonovan Knight,NYJ,RB,Standard,3.73
Zonovan Knight,NYJ,RB,Half-PPR,4.83
Zonovan Knight,NYJ,RB,PPR,5.93
Ryan Flournoy,DAL,WR,Standard,2.19
Ryan Flournoy,DAL,WR,Half-PPR,4.76
Ryan Flournoy,DAL,WR,PPR,7.34
Elijah Dotson,ATL,RB,Standard,3.7
Elijah Dotson,ATL,RB,Half-PPR,4.7
Elijah Dotson,ATL,RB,PPR,5.7
Anthony Gould,IND,WR,Standard,3.29
Anthony Gould,IND,WR,Half-PPR,4.64
Anthony Gould,IND,WR,PPR,5.99
Kyle Trask,TB,QB,Standard,4.59
Kyle Trask,TB,QB,Half-PPR,4.59
Kyle Trask,TB,QB,PPR,4.59
Jimmy Horn Jr.,CAR,WR,Standard,3.38
Jimmy Horn Jr.,CAR,WR,Half-PPR,4.58
Jimmy Horn Jr.,CAR,WR,PPR,5.78
Velus Jones Jr.,NO,RB,Standard,3.61
Velus Jones Jr.,NO,RB,Half-PPR,4.56
Velus Jones Jr.,NO,RB,PPR,5.51
Isaiah Williams,CIN,WR,Standard,3.3
Isaiah Williams,CIN,WR,Half-PPR,4.3
Isaiah Williams,CIN,WR,PPR,5.3
Clayton Tune,ARI,QB,Standard,4.14
Clayton Tune,ARI,QB,Half-PPR,4.14
Clayton Tune,ARI,QB,PPR,4.14
Zach Davidson,BUF,TE,Standard,3.1
Zach Davidson,BUF,TE,Half-PPR,4.05
Zach Davidson,BUF,TE,PPR,5
Jamari Thrash,CLE,WR,Standard,2.69
Jamari Thrash,CLE,WR,Half-PPR,3.94
Jamari Thrash,CLE,WR,PPR,5.19
Avery Williams,PHI,RB,Standard,2.64
Avery Williams,PHI,RB,Half-PPR,3.69
Avery Williams,PHI,RB,PPR,4.74
Darrynton Evans,BUF,RB,Standard,3.04
Darrynton Evans,BUF,RB,Half-PPR,3.51
Darrynton Evans,BUF,RB,PPR,3.99
Isaiah Neyor,SF,WR,Standard,2.4
Isaiah Neyor,SF,WR,Half-PPR,3.4
Isaiah Neyor,SF,WR,PPR,4.4
Marcus Yarns,NO,RB,Standard,2.8
Marcus Yarns,NO,RB,Half-PPR,3.3
Marcus Yarns,NO,RB,PPR,3.8
James Mitchell,CAR,TE,Standard,2.38
James Mitchell,CAR,TE,Half-PPR,3.28
James Mitchell,CAR,TE,PPR,4.18
Steven Sims Jr.,SEA,WR,Standard,2.4
Steven Sims Jr.,SEA,WR,Half-PPR,3.25
Steven Sims Jr.,SEA,WR,PPR,4.1
Dylan Laube,LV,RB,Standard,2.35
Dylan Laube,LV,RB,Half-PPR,3.1
Dylan Laube,LV,RB,PPR,3.85
Danny Gray,PHI,WR,Standard,2.33
Danny Gray,PHI,WR,Half-PPR,3.08
Danny Gray,PHI,WR,PPR,3.83
Laviska Shenault Jr.,BUF,WR,Standard,2.08
Laviska Shenault Jr.,BUF,WR,Half-PPR,3
Laviska Shenault Jr.,BUF,WR,PPR,3.93
Terrell Jennings,NE,RB,Standard,2.44
Terrell Jennings,NE,RB,Half-PPR,2.91
Terrell Jennings,NE,RB,PPR,3.39
Keilan Robinson,PHI,RB,Standard,2.35
Keilan Robinson,PHI,RB,Half-PPR,2.85
Keilan Robinson,PHI,RB,PPR,3.35
Jack Stoll,NO,TE,Standard,1.88
Jack Stoll,NO,TE,Half-PPR,2.75
Jack Stoll,NO,TE,PPR,3.62
LaJohntay Wester,BAL,WR,Standard,1.85
LaJohntay Wester,BAL,WR,Half-PPR,2.6
LaJohntay Wester,BAL,WR,PPR,3.35
Braxton Berrios,HOU,WR,Standard,1.55
Braxton Berrios,HOU,WR,Half-PPR,2.3
Braxton Berrios,HOU,WR,PPR,3.05
Tyler Badie,DEN,RB,Standard,1.92
Tyler Badie,DEN,RB,Half-PPR,2.3
Tyler Badie,DEN,RB,PPR,2.67
David Martin-Robinson,TEN,TE,Standard,1.28
David Martin-Robinson,TEN,TE,Half-PPR,1.78
David Martin-Robinson,TEN,TE,PPR,2.28
Trayveon Williams,NE,RB,Standard,1.21
Trayveon Williams,NE,RB,Half-PPR,1.71
Trayveon Williams,NE,RB,PPR,2.21
Donovan Edwards,NYJ,RB,Standard,1.4
Donovan Edwards,NYJ,RB,Half-PPR,1.65
Donovan Edwards,NYJ,RB,PPR,1.9
Raheim Sanders,LAC,RB,Standard,1.4
Raheim Sanders,LAC,RB,Half-PPR,1.65
Raheim Sanders,LAC,RB,PPR,1.9
Phil Mafah,DAL,RB,Standard,1.4
Phil Mafah,DAL,RB,Half-PPR,1.65
Phil Mafah,DAL,RB,PPR,1.9
Corey Kiner,SF,RB,Standard,1.4
Corey Kiner,SF,RB,Half-PPR,1.65
Corey Kiner,SF,RB,PPR,1.9
Chris Moore,WAS,WR,Standard,0.7
Chris Moore,WAS,WR,Half-PPR,0.95
Chris Moore,WAS,WR,PPR,1.2
Equanimeous St. Brown,SF,WR,Standard,0.74
Equanimeous St. Brown,SF,WR,Half-PPR,0.94
Equanimeous St. Brown,SF,WR,PPR,1.14
